-- phpMyAdmin SQL Dump
-- version 5.2.1
-- https://www.phpmyadmin.net/
--
-- Host: 127.0.0.1
-- Generation Time: Aug 30, 2025 at 12:45 AM
-- Server version: 10.4.32-MariaDB
-- PHP Version: 8.2.12

SET SQL_MODE = "NO_AUTO_VALUE_ON_ZERO";
START TRANSACTION;
SET time_zone = "+00:00";


/*!40101 SET @OLD_CHARACTER_SET_CLIENT=@@CHARACTER_SET_CLIENT */;
/*!40101 SET @OLD_CHARACTER_SET_RESULTS=@@CHARACTER_SET_RESULTS */;
/*!40101 SET @OLD_COLLATION_CONNECTION=@@COLLATION_CONNECTION */;
/*!40101 SET NAMES utf8mb4 */;

--
-- Database: `file_repo`
--

-- --------------------------------------------------------

--
-- Table structure for table `classrooms`
--

CREATE TABLE `classrooms` (
  `id` int(11) NOT NULL,
  `professor_id` int(11) NOT NULL,
  `name` varchar(150) NOT NULL,
  `description` text DEFAULT NULL,
  `created_at` timestamp NOT NULL DEFAULT current_timestamp()
) ENGINE=InnoDB DEFAULT CHARSET=utf8mb4 COLLATE=utf8mb4_general_ci;

-- --------------------------------------------------------

--
-- Table structure for table `classroom_posts`
--

CREATE TABLE `classroom_posts` (
  `id` int(11) NOT NULL,
  `classroom_id` int(11) NOT NULL,
  `professor_id` int(11) NOT NULL,
  `title` varchar(200) NOT NULL,
  `content` text NOT NULL,
  `created_at` timestamp NOT NULL DEFAULT current_timestamp(),
  `updated_at` timestamp NULL DEFAULT NULL ON UPDATE current_timestamp()
) ENGINE=InnoDB DEFAULT CHARSET=utf8mb4 COLLATE=utf8mb4_general_ci;

-- --------------------------------------------------------

--
-- Table structure for table `courses`
--

CREATE TABLE `courses` (
  `id` int(11) NOT NULL,
  `professor_id` int(11) NOT NULL,
  `name` varchar(200) NOT NULL,
  `code` varchar(40) NOT NULL,
  `created_at` timestamp NOT NULL DEFAULT current_timestamp()
) ENGINE=InnoDB DEFAULT CHARSET=utf8mb4 COLLATE=utf8mb4_general_ci;

--
-- Dumping data for table `courses`
--

INSERT INTO `courses` (`id`, `professor_id`, `name`, `code`, `created_at`) VALUES
(1, 23, 'soft', 'CSE9FE-000D4', '2025-08-25 21:23:24'),
(2, 23, 'soft', 'CSEB42-42596', '2025-08-25 21:24:16'),
(3, 23, 'soft', 'CSE446-88647', '2025-08-25 21:59:25'),
(4, 23, 'soft', 'CSED87-63D68', '2025-08-26 04:07:15'),
(5, 23, 'Software Enginnering', 'CSE217-AEC1F', '2025-08-26 05:02:57'),
(6, 23, 'Software Enginnering', 'CSEDFF-A88A5', '2025-08-26 06:05:54'),
(7, 23, 'Software Enginnering', 'CSE014-B88E5', '2025-08-26 06:16:06'),
(8, 23, 'Software Enginnering', 'CSE6EA-63FFD', '2025-08-26 06:17:27'),
(9, 23, 'Software Enginnering', 'CSE56B-8E9F2', '2025-08-26 06:20:25'),
(10, 23, 'Software Enginnering', 'CSEAEE-B792D', '2025-08-26 06:41:41'),
(11, 23, 'Software Enginnering', 'CSE8EF-2711B', '2025-08-26 06:42:33'),
(12, 23, 'Software Enginnering', 'CSEFE0-6F005', '2025-08-26 07:10:56'),
(13, 23, 'Software Enginnering', 'CSE880-669C5', '2025-08-26 07:13:04'),
(14, 23, 'Software Enginnering', 'CSE7DD-71080', '2025-08-26 08:46:25'),
(15, 23, 'Software Enginnering', 'CSE2AA-D247B', '2025-08-26 09:18:46'),
(16, 23, 'Software Enginnering', 'CSE419-ABFD1', '2025-08-26 09:49:42'),
(17, 23, 'Software Enginnering', 'CSE51C-A2988', '2025-08-26 09:51:12'),
(18, 23, 'Software Enginnering', 'CSE05C-4AA1D', '2025-08-26 10:23:15'),
(19, 23, 'Software Enginnering', 'CSEAD4-13D38', '2025-08-26 10:23:59'),
(20, 23, 'Software Enginnering', 'CSEA75-65080', '2025-08-26 10:25:53'),
(21, 23, 'Software Enginnering', 'CSEB52-0FA5F', '2025-08-26 10:26:09'),
(22, 23, 'Software Enginnering', 'CSEB03-39BFE', '2025-08-26 10:26:14'),
(23, 23, 'Software Enginnering', 'CSE172-D777C', '2025-08-26 10:52:16'),
(24, 23, 'Software Enginnering', 'CSE8EF-C4100', '2025-08-26 11:03:19'),
(25, 23, 'Software Enginnering', 'CSE59E-77FFF', '2025-08-26 11:21:57'),
(26, 23, 'Software Enginnering', 'CSECF0-5D373', '2025-08-26 11:23:52'),
(27, 23, 'Software Enginnering', 'CSEE8F-D5A56', '2025-08-26 12:02:49'),
(28, 23, 'Software Enginnering', 'CSEF39-C3B60', '2025-08-26 12:08:44'),
(29, 23, 'Software Enginnering', 'CSE9B8-C19E5', '2025-08-26 12:21:49'),
(30, 23, 'Software Enginnering', 'CSEC1A-820BC', '2025-08-26 12:26:32'),
(31, 23, 'Software Enginnering', 'CSE79D-61070', '2025-08-26 12:29:16'),
(32, 23, 'Software Enginnering', 'CSEA44-12572', '2025-08-26 14:42:02'),
(33, 23, 'Software Enginnering', 'CSE28D-76AC0', '2025-08-26 15:02:52'),
(34, 23, 'Software Enginnering', 'CSE63D-1C766', '2025-08-26 15:18:05'),
(35, 23, 'Software Enginnering', 'CSED8F-93BDD', '2025-08-26 15:43:56'),
(36, 23, 'Software Enginnering', 'CSE409-CCDE4', '2025-08-26 15:44:06'),
(37, 23, 'Software Enginnering', 'CSE61D-EC087', '2025-08-26 15:48:52'),
(38, 23, 'Software Enginnering', 'CSE740-EC6AD', '2025-08-26 16:58:00'),
(39, 23, 'Software Enginnering', 'CSEC0C-B4BA1', '2025-08-26 16:59:49'),
(40, 23, 'Software Enginnering', 'CSE77B-5274A', '2025-08-26 17:09:42'),
(41, 23, 'Software Enginnering', 'CSE1B0-7F507', '2025-08-26 17:10:00'),
(42, 23, 'Software Enginnering', 'CSE326-6DDA5', '2025-08-26 17:10:04'),
(43, 23, 'Software Enginnering', 'SOFTWA-CUB234', '2025-08-27 20:34:24'),
(44, 23, 'Software Enginnering', 'SOFTWA-FMR122', '2025-08-27 20:34:51'),
(45, 23, 'Software Enginnering', 'SOFTWA-BVE420', '2025-08-27 20:38:36'),
(46, 23, 'Software Enginnering', 'SOFTWA-AVV867', '2025-08-27 20:39:39'),
(47, 23, 'Software Enginnering', 'SOFTWA-UZV801', '2025-08-27 20:43:38'),
(48, 23, 'Software Enginnering', 'SOFTWA-DJR771', '2025-08-27 20:44:21'),
(49, 23, 'Software Enginnering', 'SOFTWA-HRI291', '2025-08-27 20:46:40'),
(50, 23, 'Software Enginnering', 'SOFTWA-QYJ619', '2025-08-27 20:47:43'),
(51, 23, 'Software Enginnering', 'SOFTWA-VDN950', '2025-08-27 20:49:53'),
(52, 23, 'Software Enginnering', 'SOFTWA-KZE857', '2025-08-27 21:20:32'),
(53, 23, 'Software Enginnering', 'SOFTWA-XZS338', '2025-08-27 21:20:39'),
(54, 23, 'Software Enginnering', 'SOFTWA-FVA014', '2025-08-27 21:46:04'),
(55, 23, 'Software Enginnering', 'SOFTWA-PVY640', '2025-08-27 21:46:10'),
(56, 23, 'Software Enginnering', 'SOFTWA-EMV184', '2025-08-27 21:50:48'),
(57, 23, 'Software Enginnering', 'SOFTWA-XFN295', '2025-08-27 22:00:36'),
(58, 23, 'Software Enginnering', 'SOFTWA-JYX474', '2025-08-27 22:31:21'),
(59, 23, 'Software Enginnering', 'SOFTWA-OQS844', '2025-08-27 22:39:02'),
(60, 23, 'Software Enginnering', 'SOFTWA-EIX266', '2025-08-27 22:39:27'),
(61, 23, 'EEE', 'EEE-JTF066', '2025-08-27 22:58:56'),
(62, 23, 'EEE', 'EEE-DSJ477', '2025-08-27 22:59:28'),
(63, 23, 'EEE', 'EEE-MPJ201', '2025-08-27 23:36:12'),
(64, 23, 'EEE', 'EEE-HLY282', '2025-08-28 06:16:45'),
(65, 23, 'EEE', 'EEE-RRC372', '2025-08-28 06:17:12'),
(66, 21, 'Sample Course', 'CSE101', '2025-08-28 06:26:15'),
(67, 23, 'Software Enginnering', 'SOFTWA-PCJ973', '2025-08-28 06:27:21'),
(68, 23, 'Software Enginnering', 'SOFTWA-YSP994', '2025-08-28 06:29:44'),
(69, 23, 'Software Enginnering', 'SOFTWA-JPH463', '2025-08-28 06:30:29'),
(70, 23, 'Software Enginnering', 'SOFTWA-WIG517', '2025-08-28 07:10:36'),
(71, 23, 'Software Enginnering', 'SOFTWA-DNT222', '2025-08-28 07:22:47'),
(72, 23, 'Software Enginnering', 'SOFTWA-AIZ566', '2025-08-28 13:35:00'),
(73, 23, 'Software Enginnering', 'SOFTWA-BEP970', '2025-08-28 13:35:24'),
(74, 24, 'CSE345', 'CSE345-MRZ310', '2025-08-28 18:27:20'),
(75, 25, 'CSE412', 'Y7JA0UAH', '2025-08-28 19:27:19'),
(76, 28, 'CSE479', 'CSE479-ALD242', '2025-08-29 05:17:23'),
(77, 28, 'CSE479', 'CSE479-RKT940', '2025-08-29 05:18:38'),
(78, 28, 'CSE209', 'CSE209-PBO485', '2025-08-29 05:43:05'),
(79, 28, 'CSE347', 'CSE347-MSP825', '2025-08-29 06:08:46'),
(80, 28, 'CSE103', 'CSE103-XMN588', '2025-08-29 06:31:20'),
(81, 28, 'CSE477', 'CSE477-NGW424', '2025-08-29 06:57:26'),
(82, 28, 'CSE407', 'CSE407-EKG420', '2025-08-29 07:00:50'),
(83, 28, 'CSE303', 'CSE303-XQF487', '2025-08-29 09:48:25'),
(84, 33, 'CSe366', 'CSE366-IDO260', '2025-08-29 09:55:24'),
(85, 36, 'CSE-207', 'CSE207-EDJ977', '2025-08-29 12:48:24'),
(86, 36, 'CSE209', 'CSE209-OLL522', '2025-08-29 13:29:19'),
(87, 36, 'CSE-110', 'CSE110-GJM441', '2025-08-29 13:39:38'),
(88, 42, 'CSE350', 'CSE350-DIP814', '2025-08-29 15:20:20'),
(89, 42, 'CSE-325', 'CSE325-XZV907', '2025-08-29 15:21:50'),
(90, 42, 'CSE350', 'CSE350-BEI714', '2025-08-29 19:05:10'),
(91, 42, 'CSE302', 'CSE302-RKV622', '2025-08-29 19:27:57'),
(92, 43, 'cse-360', 'CSE360-DWW697', '2025-08-29 20:05:47');

-- --------------------------------------------------------

--
-- Table structure for table `course_enrollments`
--

CREATE TABLE `course_enrollments` (
  `id` int(11) NOT NULL,
  `course_id` int(11) NOT NULL,
  `student_university_id` varchar(50) NOT NULL,
  `student_cgpa` decimal(3,2) DEFAULT NULL,
  `user_id` int(11) DEFAULT NULL,
  `created_at` timestamp NOT NULL DEFAULT current_timestamp(),
  `updated_at` timestamp NULL DEFAULT NULL ON UPDATE current_timestamp(),
  `group_id` int(11) DEFAULT NULL
) ENGINE=InnoDB DEFAULT CHARSET=utf8mb4 COLLATE=utf8mb4_general_ci;

--
-- Dumping data for table `course_enrollments`
--

INSERT INTO `course_enrollments` (`id`, `course_id`, `student_university_id`, `student_cgpa`, `user_id`, `created_at`, `updated_at`, `group_id`) VALUES
(1, 1, '2022-1-60-132', 3.98, NULL, '2025-08-27 22:34:00', NULL, NULL),
(2, 1, '2022-1-60-101', 3.07, NULL, '2025-08-27 22:34:00', NULL, NULL),
(3, 1, '2022-1-60-102', 3.78, NULL, '2025-08-27 22:34:00', NULL, NULL),
(4, 1, '2022-1-60-103', 3.45, NULL, '2025-08-27 22:34:00', NULL, NULL),
(5, 1, '2022-1-60-104', 2.56, NULL, '2025-08-27 22:34:00', NULL, NULL),
(6, 1, '2022-1-60-105', 2.78, NULL, '2025-08-27 22:34:00', NULL, NULL),
(7, 1, '2022-1-60-106', 2.56, NULL, '2025-08-27 22:34:00', NULL, NULL),
(8, 1, '2022-1-60-107', 3.40, NULL, '2025-08-27 22:34:00', NULL, NULL),
(9, 1, '2022-1-60-108', 3.76, NULL, '2025-08-27 22:34:00', NULL, NULL),
(10, 1, '2022-1-60-109', 2.67, NULL, '2025-08-27 22:34:00', NULL, NULL),
(11, 1, '2022-1-60-110', 4.00, NULL, '2025-08-27 22:34:00', NULL, NULL),
(12, 1, '2022-1-60-111', 3.56, NULL, '2025-08-27 22:34:00', NULL, NULL),
(13, 1, '2022-1-60-112', 2.85, NULL, '2025-08-27 22:34:00', NULL, NULL),
(14, 1, '2022-1-60-113', 2.75, NULL, '2025-08-27 22:34:00', NULL, NULL),
(15, 1, '2022-1-60-114', 3.89, NULL, '2025-08-27 22:34:00', NULL, NULL),
(16, 1, '2022-1-60-115', 3.65, NULL, '2025-08-27 22:34:00', NULL, NULL),
(17, 1, '2022-1-60-116', 3.67, NULL, '2025-08-27 22:34:00', NULL, NULL),
(18, 1, '2022-1-60-117', 3.45, NULL, '2025-08-27 22:34:00', NULL, NULL),
(19, 1, '2022-1-60-118', 3.24, NULL, '2025-08-27 22:34:00', NULL, NULL),
(20, 1, '2022-1-60-119', 3.12, NULL, '2025-08-27 22:34:00', NULL, NULL),
(21, 1, '2022-1-60-120', 3.45, NULL, '2025-08-27 22:34:00', NULL, NULL),
(22, 1, '2022-1-60-121', 3.67, NULL, '2025-08-27 22:34:00', NULL, NULL),
(23, 1, '2022-1-60-122', 3.89, NULL, '2025-08-27 22:34:00', NULL, NULL),
(24, 1, '2022-1-60-123', 3.94, NULL, '2025-08-27 22:34:00', NULL, NULL),
(25, 1, '2022-1-60-124', 2.93, NULL, '2025-08-27 22:34:00', NULL, NULL),
(26, 1, '2022-1-60-125', 2.97, NULL, '2025-08-27 22:34:00', NULL, NULL),
(27, 1, '2022-1-60-126', 3.78, NULL, '2025-08-27 22:34:00', NULL, NULL),
(28, 1, '2022-1-60-127', 3.66, NULL, '2025-08-27 22:34:00', NULL, NULL),
(29, 1, '2022-1-60-128', 2.99, NULL, '2025-08-27 22:34:00', NULL, NULL),
(30, 1, '2022-1-60-129', 3.55, NULL, '2025-08-27 22:34:00', NULL, NULL),
(31, 2, '2022-1-60-132', 3.98, NULL, '2025-08-27 22:34:00', NULL, NULL),
(32, 2, '2022-1-60-101', 3.07, NULL, '2025-08-27 22:34:00', NULL, NULL),
(33, 2, '2022-1-60-102', 3.78, NULL, '2025-08-27 22:34:00', NULL, NULL),
(34, 2, '2022-1-60-103', 3.45, NULL, '2025-08-27 22:34:00', NULL, NULL),
(35, 2, '2022-1-60-104', 2.56, NULL, '2025-08-27 22:34:00', NULL, NULL),
(36, 2, '2022-1-60-105', 2.78, NULL, '2025-08-27 22:34:00', NULL, NULL),
(37, 2, '2022-1-60-106', 2.56, NULL, '2025-08-27 22:34:00', NULL, NULL),
(38, 2, '2022-1-60-107', 3.40, NULL, '2025-08-27 22:34:00', NULL, NULL),
(39, 2, '2022-1-60-108', 3.76, NULL, '2025-08-27 22:34:00', NULL, NULL),
(40, 2, '2022-1-60-109', 2.67, NULL, '2025-08-27 22:34:00', NULL, NULL),
(41, 2, '2022-1-60-110', 4.00, NULL, '2025-08-27 22:34:00', NULL, NULL),
(42, 2, '2022-1-60-111', 3.56, NULL, '2025-08-27 22:34:00', NULL, NULL),
(43, 2, '2022-1-60-112', 2.85, NULL, '2025-08-27 22:34:00', NULL, NULL),
(44, 2, '2022-1-60-113', 2.75, NULL, '2025-08-27 22:34:00', NULL, NULL),
(45, 2, '2022-1-60-114', 3.89, NULL, '2025-08-27 22:34:00', NULL, NULL),
(46, 2, '2022-1-60-115', 3.65, NULL, '2025-08-27 22:34:00', NULL, NULL),
(47, 2, '2022-1-60-116', 3.67, NULL, '2025-08-27 22:34:00', NULL, NULL),
(48, 2, '2022-1-60-117', 3.45, NULL, '2025-08-27 22:34:00', NULL, NULL),
(49, 2, '2022-1-60-118', 3.24, NULL, '2025-08-27 22:34:00', NULL, NULL),
(50, 2, '2022-1-60-119', 3.12, NULL, '2025-08-27 22:34:00', NULL, NULL),
(51, 2, '2022-1-60-120', 3.45, NULL, '2025-08-27 22:34:00', NULL, NULL),
(52, 2, '2022-1-60-121', 3.67, NULL, '2025-08-27 22:34:00', NULL, NULL),
(53, 2, '2022-1-60-122', 3.89, NULL, '2025-08-27 22:34:00', NULL, NULL),
(54, 2, '2022-1-60-123', 3.94, NULL, '2025-08-27 22:34:00', NULL, NULL),
(55, 2, '2022-1-60-124', 2.93, NULL, '2025-08-27 22:34:00', NULL, NULL),
(56, 2, '2022-1-60-125', 2.97, NULL, '2025-08-27 22:34:00', NULL, NULL),
(57, 2, '2022-1-60-126', 3.78, NULL, '2025-08-27 22:34:00', NULL, NULL),
(58, 2, '2022-1-60-127', 3.66, NULL, '2025-08-27 22:34:00', NULL, NULL),
(59, 2, '2022-1-60-128', 2.99, NULL, '2025-08-27 22:34:00', NULL, NULL),
(60, 2, '2022-1-60-129', 3.55, NULL, '2025-08-27 22:34:00', NULL, NULL),
(61, 3, '2022-1-60-132', 3.98, NULL, '2025-08-27 22:34:00', NULL, NULL),
(62, 3, '2022-1-60-101', 3.07, NULL, '2025-08-27 22:34:00', NULL, NULL),
(63, 3, '2022-1-60-102', 3.78, NULL, '2025-08-27 22:34:00', NULL, NULL),
(64, 3, '2022-1-60-103', 3.45, NULL, '2025-08-27 22:34:00', NULL, NULL),
(65, 3, '2022-1-60-104', 2.56, NULL, '2025-08-27 22:34:00', NULL, NULL),
(66, 3, '2022-1-60-105', 2.78, NULL, '2025-08-27 22:34:00', NULL, NULL),
(67, 3, '2022-1-60-106', 2.56, NULL, '2025-08-27 22:34:00', NULL, NULL),
(68, 3, '2022-1-60-107', 3.40, NULL, '2025-08-27 22:34:00', NULL, NULL),
(69, 3, '2022-1-60-108', 3.76, NULL, '2025-08-27 22:34:00', NULL, NULL),
(70, 3, '2022-1-60-109', 2.67, NULL, '2025-08-27 22:34:00', NULL, NULL),
(71, 3, '2022-1-60-110', 4.00, NULL, '2025-08-27 22:34:00', NULL, NULL),
(72, 3, '2022-1-60-111', 3.56, NULL, '2025-08-27 22:34:00', NULL, NULL),
(73, 3, '2022-1-60-112', 2.85, NULL, '2025-08-27 22:34:00', NULL, NULL),
(74, 3, '2022-1-60-113', 2.75, NULL, '2025-08-27 22:34:00', NULL, NULL),
(75, 3, '2022-1-60-114', 3.89, NULL, '2025-08-27 22:34:00', NULL, NULL),
(76, 3, '2022-1-60-115', 3.65, NULL, '2025-08-27 22:34:00', NULL, NULL),
(77, 3, '2022-1-60-116', 3.67, NULL, '2025-08-27 22:34:00', NULL, NULL),
(78, 3, '2022-1-60-117', 3.45, NULL, '2025-08-27 22:34:00', NULL, NULL),
(79, 3, '2022-1-60-118', 3.24, NULL, '2025-08-27 22:34:00', NULL, NULL),
(80, 3, '2022-1-60-119', 3.12, NULL, '2025-08-27 22:34:00', NULL, NULL),
(81, 3, '2022-1-60-120', 3.45, NULL, '2025-08-27 22:34:00', NULL, NULL),
(82, 3, '2022-1-60-121', 3.67, NULL, '2025-08-27 22:34:00', NULL, NULL),
(83, 3, '2022-1-60-122', 3.89, NULL, '2025-08-27 22:34:00', NULL, NULL),
(84, 3, '2022-1-60-123', 3.94, NULL, '2025-08-27 22:34:00', NULL, NULL),
(85, 3, '2022-1-60-124', 2.93, NULL, '2025-08-27 22:34:00', NULL, NULL),
(86, 3, '2022-1-60-125', 2.97, NULL, '2025-08-27 22:34:00', NULL, NULL),
(87, 3, '2022-1-60-126', 3.78, NULL, '2025-08-27 22:34:00', NULL, NULL),
(88, 3, '2022-1-60-127', 3.66, NULL, '2025-08-27 22:34:00', NULL, NULL),
(89, 3, '2022-1-60-128', 2.99, NULL, '2025-08-27 22:34:00', NULL, NULL),
(90, 3, '2022-1-60-129', 3.55, NULL, '2025-08-27 22:34:00', NULL, NULL),
(91, 4, '2022-1-60-132', 3.98, NULL, '2025-08-27 22:34:00', NULL, NULL),
(92, 4, '2022-1-60-101', 3.07, NULL, '2025-08-27 22:34:00', NULL, NULL),
(93, 4, '2022-1-60-102', 3.78, NULL, '2025-08-27 22:34:00', NULL, NULL),
(94, 4, '2022-1-60-103', 3.45, NULL, '2025-08-27 22:34:00', NULL, NULL),
(95, 4, '2022-1-60-104', 2.56, NULL, '2025-08-27 22:34:00', NULL, NULL),
(96, 4, '2022-1-60-105', 2.78, NULL, '2025-08-27 22:34:00', NULL, NULL),
(97, 4, '2022-1-60-106', 2.56, NULL, '2025-08-27 22:34:00', NULL, NULL),
(98, 4, '2022-1-60-107', 3.40, NULL, '2025-08-27 22:34:00', NULL, NULL),
(99, 4, '2022-1-60-108', 3.76, NULL, '2025-08-27 22:34:00', NULL, NULL),
(100, 4, '2022-1-60-109', 2.67, NULL, '2025-08-27 22:34:00', NULL, NULL),
(101, 4, '2022-1-60-110', 4.00, NULL, '2025-08-27 22:34:00', NULL, NULL),
(102, 4, '2022-1-60-111', 3.56, NULL, '2025-08-27 22:34:00', NULL, NULL),
(103, 4, '2022-1-60-112', 2.85, NULL, '2025-08-27 22:34:00', NULL, NULL),
(104, 4, '2022-1-60-113', 2.75, NULL, '2025-08-27 22:34:00', NULL, NULL),
(105, 4, '2022-1-60-114', 3.89, NULL, '2025-08-27 22:34:00', NULL, NULL),
(106, 4, '2022-1-60-115', 3.65, NULL, '2025-08-27 22:34:00', NULL, NULL),
(107, 4, '2022-1-60-116', 3.67, NULL, '2025-08-27 22:34:00', NULL, NULL),
(108, 4, '2022-1-60-117', 3.45, NULL, '2025-08-27 22:34:00', NULL, NULL),
(109, 4, '2022-1-60-118', 3.24, NULL, '2025-08-27 22:34:00', NULL, NULL),
(110, 4, '2022-1-60-119', 3.12, NULL, '2025-08-27 22:34:00', NULL, NULL),
(111, 4, '2022-1-60-120', 3.45, NULL, '2025-08-27 22:34:00', NULL, NULL),
(112, 4, '2022-1-60-121', 3.67, NULL, '2025-08-27 22:34:00', NULL, NULL),
(113, 4, '2022-1-60-122', 3.89, NULL, '2025-08-27 22:34:00', NULL, NULL),
(114, 4, '2022-1-60-123', 3.94, NULL, '2025-08-27 22:34:00', NULL, NULL),
(115, 4, '2022-1-60-124', 2.93, NULL, '2025-08-27 22:34:00', NULL, NULL),
(116, 4, '2022-1-60-125', 2.97, NULL, '2025-08-27 22:34:00', NULL, NULL),
(117, 4, '2022-1-60-126', 3.78, NULL, '2025-08-27 22:34:00', NULL, NULL),
(118, 4, '2022-1-60-127', 3.66, NULL, '2025-08-27 22:34:00', NULL, NULL),
(119, 4, '2022-1-60-128', 2.99, NULL, '2025-08-27 22:34:00', NULL, NULL),
(120, 4, '2022-1-60-129', 3.55, NULL, '2025-08-27 22:34:00', NULL, NULL),
(121, 5, '2022-1-60-132', 3.98, NULL, '2025-08-27 22:34:00', NULL, NULL),
(122, 5, '2022-1-60-101', 3.07, NULL, '2025-08-27 22:34:00', NULL, NULL),
(123, 5, '2022-1-60-102', 3.78, NULL, '2025-08-27 22:34:00', NULL, NULL),
(124, 5, '2022-1-60-103', 3.45, NULL, '2025-08-27 22:34:00', NULL, NULL),
(125, 5, '2022-1-60-104', 2.56, NULL, '2025-08-27 22:34:00', NULL, NULL),
(126, 5, '2022-1-60-105', 2.78, NULL, '2025-08-27 22:34:00', NULL, NULL),
(127, 5, '2022-1-60-106', 2.56, NULL, '2025-08-27 22:34:00', NULL, NULL),
(128, 5, '2022-1-60-107', 3.40, NULL, '2025-08-27 22:34:00', NULL, NULL),
(129, 5, '2022-1-60-108', 3.76, NULL, '2025-08-27 22:34:00', NULL, NULL),
(130, 5, '2022-1-60-109', 2.67, NULL, '2025-08-27 22:34:00', NULL, NULL),
(131, 5, '2022-1-60-110', 4.00, NULL, '2025-08-27 22:34:00', NULL, NULL),
(132, 5, '2022-1-60-111', 3.56, NULL, '2025-08-27 22:34:00', NULL, NULL),
(133, 5, '2022-1-60-112', 2.85, NULL, '2025-08-27 22:34:00', NULL, NULL),
(134, 5, '2022-1-60-113', 2.75, NULL, '2025-08-27 22:34:00', NULL, NULL),
(135, 5, '2022-1-60-114', 3.89, NULL, '2025-08-27 22:34:00', NULL, NULL),
(136, 5, '2022-1-60-115', 3.65, NULL, '2025-08-27 22:34:00', NULL, NULL),
(137, 5, '2022-1-60-116', 3.67, NULL, '2025-08-27 22:34:00', NULL, NULL),
(138, 5, '2022-1-60-117', 3.45, NULL, '2025-08-27 22:34:00', NULL, NULL),
(139, 5, '2022-1-60-118', 3.24, NULL, '2025-08-27 22:34:00', NULL, NULL),
(140, 5, '2022-1-60-119', 3.12, NULL, '2025-08-27 22:34:00', NULL, NULL),
(141, 5, '2022-1-60-120', 3.45, NULL, '2025-08-27 22:34:00', NULL, NULL),
(142, 5, '2022-1-60-121', 3.67, NULL, '2025-08-27 22:34:00', NULL, NULL),
(143, 5, '2022-1-60-122', 3.89, NULL, '2025-08-27 22:34:00', NULL, NULL),
(144, 5, '2022-1-60-123', 3.94, NULL, '2025-08-27 22:34:00', NULL, NULL),
(145, 5, '2022-1-60-124', 2.93, NULL, '2025-08-27 22:34:00', NULL, NULL),
(146, 5, '2022-1-60-125', 2.97, NULL, '2025-08-27 22:34:00', NULL, NULL),
(147, 5, '2022-1-60-126', 3.78, NULL, '2025-08-27 22:34:00', NULL, NULL),
(148, 5, '2022-1-60-127', 3.66, NULL, '2025-08-27 22:34:00', NULL, NULL),
(149, 5, '2022-1-60-128', 2.99, NULL, '2025-08-27 22:34:00', NULL, NULL),
(150, 5, '2022-1-60-129', 3.55, NULL, '2025-08-27 22:34:00', NULL, NULL),
(151, 6, '2022-1-60-132', 3.98, NULL, '2025-08-27 22:34:00', NULL, NULL),
(152, 6, '2022-1-60-101', 3.07, NULL, '2025-08-27 22:34:00', NULL, NULL),
(153, 6, '2022-1-60-102', 3.78, NULL, '2025-08-27 22:34:00', NULL, NULL),
(154, 6, '2022-1-60-103', 3.45, NULL, '2025-08-27 22:34:00', NULL, NULL),
(155, 6, '2022-1-60-104', 2.56, NULL, '2025-08-27 22:34:00', NULL, NULL),
(156, 6, '2022-1-60-105', 2.78, NULL, '2025-08-27 22:34:00', NULL, NULL),
(157, 6, '2022-1-60-106', 2.56, NULL, '2025-08-27 22:34:00', NULL, NULL),
(158, 6, '2022-1-60-107', 3.40, NULL, '2025-08-27 22:34:00', NULL, NULL),
(159, 6, '2022-1-60-108', 3.76, NULL, '2025-08-27 22:34:00', NULL, NULL),
(160, 6, '2022-1-60-109', 2.67, NULL, '2025-08-27 22:34:00', NULL, NULL),
(161, 6, '2022-1-60-110', 4.00, NULL, '2025-08-27 22:34:00', NULL, NULL),
(162, 6, '2022-1-60-111', 3.56, NULL, '2025-08-27 22:34:00', NULL, NULL),
(163, 6, '2022-1-60-112', 2.85, NULL, '2025-08-27 22:34:00', NULL, NULL),
(164, 6, '2022-1-60-113', 2.75, NULL, '2025-08-27 22:34:00', NULL, NULL),
(165, 6, '2022-1-60-114', 3.89, NULL, '2025-08-27 22:34:00', NULL, NULL),
(166, 6, '2022-1-60-115', 3.65, NULL, '2025-08-27 22:34:00', NULL, NULL),
(167, 6, '2022-1-60-116', 3.67, NULL, '2025-08-27 22:34:00', NULL, NULL),
(168, 6, '2022-1-60-117', 3.45, NULL, '2025-08-27 22:34:00', NULL, NULL),
(169, 6, '2022-1-60-118', 3.24, NULL, '2025-08-27 22:34:00', NULL, NULL),
(170, 6, '2022-1-60-119', 3.12, NULL, '2025-08-27 22:34:00', NULL, NULL),
(171, 6, '2022-1-60-120', 3.45, NULL, '2025-08-27 22:34:00', NULL, NULL),
(172, 6, '2022-1-60-121', 3.67, NULL, '2025-08-27 22:34:00', NULL, NULL),
(173, 6, '2022-1-60-122', 3.89, NULL, '2025-08-27 22:34:00', NULL, NULL),
(174, 6, '2022-1-60-123', 3.94, NULL, '2025-08-27 22:34:00', NULL, NULL),
(175, 6, '2022-1-60-124', 2.93, NULL, '2025-08-27 22:34:00', NULL, NULL),
(176, 6, '2022-1-60-125', 2.97, NULL, '2025-08-27 22:34:00', NULL, NULL),
(177, 6, '2022-1-60-126', 3.78, NULL, '2025-08-27 22:34:00', NULL, NULL),
(178, 6, '2022-1-60-127', 3.66, NULL, '2025-08-27 22:34:00', NULL, NULL),
(179, 6, '2022-1-60-128', 2.99, NULL, '2025-08-27 22:34:00', NULL, NULL),
(180, 6, '2022-1-60-129', 3.55, NULL, '2025-08-27 22:34:00', NULL, NULL),
(181, 7, '2022-1-60-132', 3.98, NULL, '2025-08-27 22:34:00', NULL, NULL),
(182, 7, '2022-1-60-101', 3.07, NULL, '2025-08-27 22:34:00', NULL, NULL),
(183, 7, '2022-1-60-102', 3.78, NULL, '2025-08-27 22:34:00', NULL, NULL),
(184, 7, '2022-1-60-103', 3.45, NULL, '2025-08-27 22:34:00', NULL, NULL),
(185, 7, '2022-1-60-104', 2.56, NULL, '2025-08-27 22:34:00', NULL, NULL),
(186, 7, '2022-1-60-105', 2.78, NULL, '2025-08-27 22:34:00', NULL, NULL),
(187, 7, '2022-1-60-106', 2.56, NULL, '2025-08-27 22:34:00', NULL, NULL),
(188, 7, '2022-1-60-107', 3.40, NULL, '2025-08-27 22:34:00', NULL, NULL),
(189, 7, '2022-1-60-108', 3.76, NULL, '2025-08-27 22:34:00', NULL, NULL),
(190, 7, '2022-1-60-109', 2.67, NULL, '2025-08-27 22:34:00', NULL, NULL),
(191, 7, '2022-1-60-110', 4.00, NULL, '2025-08-27 22:34:00', NULL, NULL),
(192, 7, '2022-1-60-111', 3.56, NULL, '2025-08-27 22:34:00', NULL, NULL),
(193, 7, '2022-1-60-112', 2.85, NULL, '2025-08-27 22:34:00', NULL, NULL),
(194, 7, '2022-1-60-113', 2.75, NULL, '2025-08-27 22:34:00', NULL, NULL),
(195, 7, '2022-1-60-114', 3.89, NULL, '2025-08-27 22:34:00', NULL, NULL),
(196, 7, '2022-1-60-115', 3.65, NULL, '2025-08-27 22:34:00', NULL, NULL),
(197, 7, '2022-1-60-116', 3.67, NULL, '2025-08-27 22:34:00', NULL, NULL),
(198, 7, '2022-1-60-117', 3.45, NULL, '2025-08-27 22:34:00', NULL, NULL),
(199, 7, '2022-1-60-118', 3.24, NULL, '2025-08-27 22:34:00', NULL, NULL),
(200, 7, '2022-1-60-119', 3.12, NULL, '2025-08-27 22:34:00', NULL, NULL),
(201, 7, '2022-1-60-120', 3.45, NULL, '2025-08-27 22:34:00', NULL, NULL),
(202, 7, '2022-1-60-121', 3.67, NULL, '2025-08-27 22:34:00', NULL, NULL),
(203, 7, '2022-1-60-122', 3.89, NULL, '2025-08-27 22:34:00', NULL, NULL),
(204, 7, '2022-1-60-123', 3.94, NULL, '2025-08-27 22:34:00', NULL, NULL),
(205, 7, '2022-1-60-124', 2.93, NULL, '2025-08-27 22:34:00', NULL, NULL),
(206, 7, '2022-1-60-125', 2.97, NULL, '2025-08-27 22:34:00', NULL, NULL),
(207, 7, '2022-1-60-126', 3.78, NULL, '2025-08-27 22:34:00', NULL, NULL),
(208, 7, '2022-1-60-127', 3.66, NULL, '2025-08-27 22:34:00', NULL, NULL),
(209, 7, '2022-1-60-128', 2.99, NULL, '2025-08-27 22:34:00', NULL, NULL),
(210, 7, '2022-1-60-129', 3.55, NULL, '2025-08-27 22:34:00', NULL, NULL),
(211, 8, '2022-1-60-132', 3.98, NULL, '2025-08-27 22:34:00', NULL, NULL),
(212, 8, '2022-1-60-101', 3.07, NULL, '2025-08-27 22:34:00', NULL, NULL),
(213, 8, '2022-1-60-102', 3.78, NULL, '2025-08-27 22:34:00', NULL, NULL),
(214, 8, '2022-1-60-103', 3.45, NULL, '2025-08-27 22:34:00', NULL, NULL),
(215, 8, '2022-1-60-104', 2.56, NULL, '2025-08-27 22:34:00', NULL, NULL),
(216, 8, '2022-1-60-105', 2.78, NULL, '2025-08-27 22:34:00', NULL, NULL),
(217, 8, '2022-1-60-106', 2.56, NULL, '2025-08-27 22:34:00', NULL, NULL),
(218, 8, '2022-1-60-107', 3.40, NULL, '2025-08-27 22:34:00', NULL, NULL),
(219, 8, '2022-1-60-108', 3.76, NULL, '2025-08-27 22:34:00', NULL, NULL),
(220, 8, '2022-1-60-109', 2.67, NULL, '2025-08-27 22:34:00', NULL, NULL),
(221, 8, '2022-1-60-110', 4.00, NULL, '2025-08-27 22:34:00', NULL, NULL),
(222, 8, '2022-1-60-111', 3.56, NULL, '2025-08-27 22:34:00', NULL, NULL),
(223, 8, '2022-1-60-112', 2.85, NULL, '2025-08-27 22:34:00', NULL, NULL),
(224, 8, '2022-1-60-113', 2.75, NULL, '2025-08-27 22:34:00', NULL, NULL),
(225, 8, '2022-1-60-114', 3.89, NULL, '2025-08-27 22:34:00', NULL, NULL),
(226, 8, '2022-1-60-115', 3.65, NULL, '2025-08-27 22:34:00', NULL, NULL),
(227, 8, '2022-1-60-116', 3.67, NULL, '2025-08-27 22:34:00', NULL, NULL),
(228, 8, '2022-1-60-117', 3.45, NULL, '2025-08-27 22:34:00', NULL, NULL),
(229, 8, '2022-1-60-118', 3.24, NULL, '2025-08-27 22:34:00', NULL, NULL),
(230, 8, '2022-1-60-119', 3.12, NULL, '2025-08-27 22:34:00', NULL, NULL),
(231, 8, '2022-1-60-120', 3.45, NULL, '2025-08-27 22:34:00', NULL, NULL),
(232, 8, '2022-1-60-121', 3.67, NULL, '2025-08-27 22:34:00', NULL, NULL),
(233, 8, '2022-1-60-122', 3.89, NULL, '2025-08-27 22:34:00', NULL, NULL),
(234, 8, '2022-1-60-123', 3.94, NULL, '2025-08-27 22:34:00', NULL, NULL),
(235, 8, '2022-1-60-124', 2.93, NULL, '2025-08-27 22:34:00', NULL, NULL),
(236, 8, '2022-1-60-125', 2.97, NULL, '2025-08-27 22:34:00', NULL, NULL),
(237, 8, '2022-1-60-126', 3.78, NULL, '2025-08-27 22:34:00', NULL, NULL),
(238, 8, '2022-1-60-127', 3.66, NULL, '2025-08-27 22:34:00', NULL, NULL),
(239, 8, '2022-1-60-128', 2.99, NULL, '2025-08-27 22:34:00', NULL, NULL),
(240, 8, '2022-1-60-129', 3.55, NULL, '2025-08-27 22:34:00', NULL, NULL),
(241, 9, '2022-1-60-132', 3.98, NULL, '2025-08-27 22:34:00', NULL, NULL),
(242, 9, '2022-1-60-101', 3.07, NULL, '2025-08-27 22:34:00', NULL, NULL),
(243, 9, '2022-1-60-102', 3.78, NULL, '2025-08-27 22:34:00', NULL, NULL),
(244, 9, '2022-1-60-103', 3.45, NULL, '2025-08-27 22:34:00', NULL, NULL),
(245, 9, '2022-1-60-104', 2.56, NULL, '2025-08-27 22:34:00', NULL, NULL),
(246, 9, '2022-1-60-105', 2.78, NULL, '2025-08-27 22:34:00', NULL, NULL),
(247, 9, '2022-1-60-106', 2.56, NULL, '2025-08-27 22:34:00', NULL, NULL),
(248, 9, '2022-1-60-107', 3.40, NULL, '2025-08-27 22:34:00', NULL, NULL),
(249, 9, '2022-1-60-108', 3.76, NULL, '2025-08-27 22:34:00', NULL, NULL),
(250, 9, '2022-1-60-109', 2.67, NULL, '2025-08-27 22:34:00', NULL, NULL),
(251, 9, '2022-1-60-110', 4.00, NULL, '2025-08-27 22:34:00', NULL, NULL),
(252, 9, '2022-1-60-111', 3.56, NULL, '2025-08-27 22:34:00', NULL, NULL),
(253, 9, '2022-1-60-112', 2.85, NULL, '2025-08-27 22:34:00', NULL, NULL),
(254, 9, '2022-1-60-113', 2.75, NULL, '2025-08-27 22:34:00', NULL, NULL),
(255, 9, '2022-1-60-114', 3.89, NULL, '2025-08-27 22:34:00', NULL, NULL),
(256, 9, '2022-1-60-115', 3.65, NULL, '2025-08-27 22:34:00', NULL, NULL),
(257, 9, '2022-1-60-116', 3.67, NULL, '2025-08-27 22:34:00', NULL, NULL),
(258, 9, '2022-1-60-117', 3.45, NULL, '2025-08-27 22:34:00', NULL, NULL),
(259, 9, '2022-1-60-118', 3.24, NULL, '2025-08-27 22:34:00', NULL, NULL),
(260, 9, '2022-1-60-119', 3.12, NULL, '2025-08-27 22:34:00', NULL, NULL),
(261, 9, '2022-1-60-120', 3.45, NULL, '2025-08-27 22:34:00', NULL, NULL),
(262, 9, '2022-1-60-121', 3.67, NULL, '2025-08-27 22:34:00', NULL, NULL),
(263, 9, '2022-1-60-122', 3.89, NULL, '2025-08-27 22:34:00', NULL, NULL),
(264, 9, '2022-1-60-123', 3.94, NULL, '2025-08-27 22:34:00', NULL, NULL),
(265, 9, '2022-1-60-124', 2.93, NULL, '2025-08-27 22:34:00', NULL, NULL),
(266, 9, '2022-1-60-125', 2.97, NULL, '2025-08-27 22:34:00', NULL, NULL),
(267, 9, '2022-1-60-126', 3.78, NULL, '2025-08-27 22:34:00', NULL, NULL),
(268, 9, '2022-1-60-127', 3.66, NULL, '2025-08-27 22:34:00', NULL, NULL),
(269, 9, '2022-1-60-128', 2.99, NULL, '2025-08-27 22:34:00', NULL, NULL),
(270, 9, '2022-1-60-129', 3.55, NULL, '2025-08-27 22:34:00', NULL, NULL),
(271, 10, '2022-1-60-132', 3.98, NULL, '2025-08-27 22:34:00', NULL, NULL),
(272, 10, '2022-1-60-101', 3.07, NULL, '2025-08-27 22:34:00', NULL, NULL),
(273, 10, '2022-1-60-102', 3.78, NULL, '2025-08-27 22:34:00', NULL, NULL),
(274, 10, '2022-1-60-103', 3.45, NULL, '2025-08-27 22:34:00', NULL, NULL),
(275, 10, '2022-1-60-104', 2.56, NULL, '2025-08-27 22:34:00', NULL, NULL),
(276, 10, '2022-1-60-105', 2.78, NULL, '2025-08-27 22:34:00', NULL, NULL),
(277, 10, '2022-1-60-106', 2.56, NULL, '2025-08-27 22:34:00', NULL, NULL),
(278, 10, '2022-1-60-107', 3.40, NULL, '2025-08-27 22:34:00', NULL, NULL),
(279, 10, '2022-1-60-108', 3.76, NULL, '2025-08-27 22:34:00', NULL, NULL),
(280, 10, '2022-1-60-109', 2.67, NULL, '2025-08-27 22:34:00', NULL, NULL),
(281, 10, '2022-1-60-110', 4.00, NULL, '2025-08-27 22:34:00', NULL, NULL),
(282, 10, '2022-1-60-111', 3.56, NULL, '2025-08-27 22:34:00', NULL, NULL),
(283, 10, '2022-1-60-112', 2.85, NULL, '2025-08-27 22:34:00', NULL, NULL),
(284, 10, '2022-1-60-113', 2.75, NULL, '2025-08-27 22:34:00', NULL, NULL),
(285, 10, '2022-1-60-114', 3.89, NULL, '2025-08-27 22:34:00', NULL, NULL),
(286, 10, '2022-1-60-115', 3.65, NULL, '2025-08-27 22:34:00', NULL, NULL),
(287, 10, '2022-1-60-116', 3.67, NULL, '2025-08-27 22:34:00', NULL, NULL),
(288, 10, '2022-1-60-117', 3.45, NULL, '2025-08-27 22:34:00', NULL, NULL),
(289, 10, '2022-1-60-118', 3.24, NULL, '2025-08-27 22:34:00', NULL, NULL),
(290, 10, '2022-1-60-119', 3.12, NULL, '2025-08-27 22:34:00', NULL, NULL),
(291, 10, '2022-1-60-120', 3.45, NULL, '2025-08-27 22:34:00', NULL, NULL),
(292, 10, '2022-1-60-121', 3.67, NULL, '2025-08-27 22:34:00', NULL, NULL),
(293, 10, '2022-1-60-122', 3.89, NULL, '2025-08-27 22:34:00', NULL, NULL),
(294, 10, '2022-1-60-123', 3.94, NULL, '2025-08-27 22:34:00', NULL, NULL),
(295, 10, '2022-1-60-124', 2.93, NULL, '2025-08-27 22:34:00', NULL, NULL),
(296, 10, '2022-1-60-125', 2.97, NULL, '2025-08-27 22:34:00', NULL, NULL),
(297, 10, '2022-1-60-126', 3.78, NULL, '2025-08-27 22:34:00', NULL, NULL),
(298, 10, '2022-1-60-127', 3.66, NULL, '2025-08-27 22:34:00', NULL, NULL),
(299, 10, '2022-1-60-128', 2.99, NULL, '2025-08-27 22:34:00', NULL, NULL),
(300, 10, '2022-1-60-129', 3.55, NULL, '2025-08-27 22:34:00', NULL, NULL),
(301, 11, '2022-1-60-132', 3.98, NULL, '2025-08-27 22:34:00', NULL, NULL),
(302, 11, '2022-1-60-101', 3.07, NULL, '2025-08-27 22:34:00', NULL, NULL),
(303, 11, '2022-1-60-102', 3.78, NULL, '2025-08-27 22:34:00', NULL, NULL),
(304, 11, '2022-1-60-103', 3.45, NULL, '2025-08-27 22:34:00', NULL, NULL),
(305, 11, '2022-1-60-104', 2.56, NULL, '2025-08-27 22:34:00', NULL, NULL),
(306, 11, '2022-1-60-105', 2.78, NULL, '2025-08-27 22:34:00', NULL, NULL),
(307, 11, '2022-1-60-106', 2.56, NULL, '2025-08-27 22:34:00', NULL, NULL),
(308, 11, '2022-1-60-107', 3.40, NULL, '2025-08-27 22:34:00', NULL, NULL),
(309, 11, '2022-1-60-108', 3.76, NULL, '2025-08-27 22:34:00', NULL, NULL),
(310, 11, '2022-1-60-109', 2.67, NULL, '2025-08-27 22:34:00', NULL, NULL),
(311, 11, '2022-1-60-110', 4.00, NULL, '2025-08-27 22:34:00', NULL, NULL),
(312, 11, '2022-1-60-111', 3.56, NULL, '2025-08-27 22:34:00', NULL, NULL),
(313, 11, '2022-1-60-112', 2.85, NULL, '2025-08-27 22:34:00', NULL, NULL),
(314, 11, '2022-1-60-113', 2.75, NULL, '2025-08-27 22:34:00', NULL, NULL),
(315, 11, '2022-1-60-114', 3.89, NULL, '2025-08-27 22:34:00', NULL, NULL),
(316, 11, '2022-1-60-115', 3.65, NULL, '2025-08-27 22:34:00', NULL, NULL),
(317, 11, '2022-1-60-116', 3.67, NULL, '2025-08-27 22:34:00', NULL, NULL),
(318, 11, '2022-1-60-117', 3.45, NULL, '2025-08-27 22:34:00', NULL, NULL),
(319, 11, '2022-1-60-118', 3.24, NULL, '2025-08-27 22:34:00', NULL, NULL),
(320, 11, '2022-1-60-119', 3.12, NULL, '2025-08-27 22:34:00', NULL, NULL),
(321, 11, '2022-1-60-120', 3.45, NULL, '2025-08-27 22:34:00', NULL, NULL),
(322, 11, '2022-1-60-121', 3.67, NULL, '2025-08-27 22:34:00', NULL, NULL),
(323, 11, '2022-1-60-122', 3.89, NULL, '2025-08-27 22:34:00', NULL, NULL),
(324, 11, '2022-1-60-123', 3.94, NULL, '2025-08-27 22:34:00', NULL, NULL),
(325, 11, '2022-1-60-124', 2.93, NULL, '2025-08-27 22:34:00', NULL, NULL),
(326, 11, '2022-1-60-125', 2.97, NULL, '2025-08-27 22:34:00', NULL, NULL),
(327, 11, '2022-1-60-126', 3.78, NULL, '2025-08-27 22:34:00', NULL, NULL),
(328, 11, '2022-1-60-127', 3.66, NULL, '2025-08-27 22:34:00', NULL, NULL),
(329, 11, '2022-1-60-128', 2.99, NULL, '2025-08-27 22:34:00', NULL, NULL),
(330, 11, '2022-1-60-129', 3.55, NULL, '2025-08-27 22:34:00', NULL, NULL),
(331, 12, '2022-1-60-132', 3.98, NULL, '2025-08-27 22:34:00', NULL, NULL),
(332, 12, '2022-1-60-101', 3.07, NULL, '2025-08-27 22:34:00', NULL, NULL),
(333, 12, '2022-1-60-102', 3.78, NULL, '2025-08-27 22:34:00', NULL, NULL),
(334, 12, '2022-1-60-103', 3.45, NULL, '2025-08-27 22:34:00', NULL, NULL),
(335, 12, '2022-1-60-104', 2.56, NULL, '2025-08-27 22:34:00', NULL, NULL),
(336, 12, '2022-1-60-105', 2.78, NULL, '2025-08-27 22:34:00', NULL, NULL),
(337, 12, '2022-1-60-106', 2.56, NULL, '2025-08-27 22:34:00', NULL, NULL),
(338, 12, '2022-1-60-107', 3.40, NULL, '2025-08-27 22:34:00', NULL, NULL),
(339, 12, '2022-1-60-108', 3.76, NULL, '2025-08-27 22:34:00', NULL, NULL),
(340, 12, '2022-1-60-109', 2.67, NULL, '2025-08-27 22:34:00', NULL, NULL),
(341, 12, '2022-1-60-110', 4.00, NULL, '2025-08-27 22:34:00', NULL, NULL),
(342, 12, '2022-1-60-111', 3.56, NULL, '2025-08-27 22:34:00', NULL, NULL),
(343, 12, '2022-1-60-112', 2.85, NULL, '2025-08-27 22:34:00', NULL, NULL),
(344, 12, '2022-1-60-113', 2.75, NULL, '2025-08-27 22:34:00', NULL, NULL),
(345, 12, '2022-1-60-114', 3.89, NULL, '2025-08-27 22:34:00', NULL, NULL),
(346, 12, '2022-1-60-115', 3.65, NULL, '2025-08-27 22:34:00', NULL, NULL),
(347, 12, '2022-1-60-116', 3.67, NULL, '2025-08-27 22:34:00', NULL, NULL),
(348, 12, '2022-1-60-117', 3.45, NULL, '2025-08-27 22:34:00', NULL, NULL),
(349, 12, '2022-1-60-118', 3.24, NULL, '2025-08-27 22:34:00', NULL, NULL),
(350, 12, '2022-1-60-119', 3.12, NULL, '2025-08-27 22:34:00', NULL, NULL),
(351, 12, '2022-1-60-120', 3.45, NULL, '2025-08-27 22:34:00', NULL, NULL),
(352, 12, '2022-1-60-121', 3.67, NULL, '2025-08-27 22:34:00', NULL, NULL),
(353, 12, '2022-1-60-122', 3.89, NULL, '2025-08-27 22:34:00', NULL, NULL),
(354, 12, '2022-1-60-123', 3.94, NULL, '2025-08-27 22:34:00', NULL, NULL),
(355, 12, '2022-1-60-124', 2.93, NULL, '2025-08-27 22:34:00', NULL, NULL),
(356, 12, '2022-1-60-125', 2.97, NULL, '2025-08-27 22:34:00', NULL, NULL),
(357, 12, '2022-1-60-126', 3.78, NULL, '2025-08-27 22:34:00', NULL, NULL),
(358, 12, '2022-1-60-127', 3.66, NULL, '2025-08-27 22:34:00', NULL, NULL),
(359, 12, '2022-1-60-128', 2.99, NULL, '2025-08-27 22:34:00', NULL, NULL),
(360, 12, '2022-1-60-129', 3.55, NULL, '2025-08-27 22:34:00', NULL, NULL),
(361, 13, '2022-1-60-132', 3.98, NULL, '2025-08-27 22:34:00', NULL, NULL),
(362, 13, '2022-1-60-101', 3.07, NULL, '2025-08-27 22:34:00', NULL, NULL),
(363, 13, '2022-1-60-102', 3.78, NULL, '2025-08-27 22:34:00', NULL, NULL),
(364, 13, '2022-1-60-103', 3.45, NULL, '2025-08-27 22:34:00', NULL, NULL),
(365, 13, '2022-1-60-104', 2.56, NULL, '2025-08-27 22:34:00', NULL, NULL),
(366, 13, '2022-1-60-105', 2.78, NULL, '2025-08-27 22:34:00', NULL, NULL),
(367, 13, '2022-1-60-106', 2.56, NULL, '2025-08-27 22:34:00', NULL, NULL),
(368, 13, '2022-1-60-107', 3.40, NULL, '2025-08-27 22:34:00', NULL, NULL),
(369, 13, '2022-1-60-108', 3.76, NULL, '2025-08-27 22:34:00', NULL, NULL),
(370, 13, '2022-1-60-109', 2.67, NULL, '2025-08-27 22:34:00', NULL, NULL),
(371, 13, '2022-1-60-110', 4.00, NULL, '2025-08-27 22:34:00', NULL, NULL),
(372, 13, '2022-1-60-111', 3.56, NULL, '2025-08-27 22:34:00', NULL, NULL),
(373, 13, '2022-1-60-112', 2.85, NULL, '2025-08-27 22:34:00', NULL, NULL),
(374, 13, '2022-1-60-113', 2.75, NULL, '2025-08-27 22:34:00', NULL, NULL),
(375, 13, '2022-1-60-114', 3.89, NULL, '2025-08-27 22:34:00', NULL, NULL),
(376, 13, '2022-1-60-115', 3.65, NULL, '2025-08-27 22:34:00', NULL, NULL),
(377, 13, '2022-1-60-116', 3.67, NULL, '2025-08-27 22:34:00', NULL, NULL),
(378, 13, '2022-1-60-117', 3.45, NULL, '2025-08-27 22:34:00', NULL, NULL),
(379, 13, '2022-1-60-118', 3.24, NULL, '2025-08-27 22:34:00', NULL, NULL),
(380, 13, '2022-1-60-119', 3.12, NULL, '2025-08-27 22:34:00', NULL, NULL),
(381, 13, '2022-1-60-120', 3.45, NULL, '2025-08-27 22:34:00', NULL, NULL),
(382, 13, '2022-1-60-121', 3.67, NULL, '2025-08-27 22:34:00', NULL, NULL),
(383, 13, '2022-1-60-122', 3.89, NULL, '2025-08-27 22:34:00', NULL, NULL),
(384, 13, '2022-1-60-123', 3.94, NULL, '2025-08-27 22:34:00', NULL, NULL),
(385, 13, '2022-1-60-124', 2.93, NULL, '2025-08-27 22:34:00', NULL, NULL),
(386, 13, '2022-1-60-125', 2.97, NULL, '2025-08-27 22:34:00', NULL, NULL),
(387, 13, '2022-1-60-126', 3.78, NULL, '2025-08-27 22:34:00', NULL, NULL),
(388, 13, '2022-1-60-127', 3.66, NULL, '2025-08-27 22:34:00', NULL, NULL),
(389, 13, '2022-1-60-128', 2.99, NULL, '2025-08-27 22:34:00', NULL, NULL),
(390, 13, '2022-1-60-129', 3.55, NULL, '2025-08-27 22:34:00', NULL, NULL),
(391, 14, '2022-1-60-132', 3.98, NULL, '2025-08-27 22:34:00', NULL, NULL),
(392, 14, '2022-1-60-101', 3.07, NULL, '2025-08-27 22:34:00', NULL, NULL),
(393, 14, '2022-1-60-102', 3.78, NULL, '2025-08-27 22:34:00', NULL, NULL),
(394, 14, '2022-1-60-103', 3.45, NULL, '2025-08-27 22:34:00', NULL, NULL),
(395, 14, '2022-1-60-104', 2.56, NULL, '2025-08-27 22:34:00', NULL, NULL),
(396, 14, '2022-1-60-105', 2.78, NULL, '2025-08-27 22:34:00', NULL, NULL),
(397, 14, '2022-1-60-106', 2.56, NULL, '2025-08-27 22:34:00', NULL, NULL),
(398, 14, '2022-1-60-107', 3.40, NULL, '2025-08-27 22:34:00', NULL, NULL),
(399, 14, '2022-1-60-108', 3.76, NULL, '2025-08-27 22:34:00', NULL, NULL),
(400, 14, '2022-1-60-109', 2.67, NULL, '2025-08-27 22:34:00', NULL, NULL),
(401, 14, '2022-1-60-110', 4.00, NULL, '2025-08-27 22:34:00', NULL, NULL),
(402, 14, '2022-1-60-111', 3.56, NULL, '2025-08-27 22:34:00', NULL, NULL),
(403, 14, '2022-1-60-112', 2.85, NULL, '2025-08-27 22:34:00', NULL, NULL),
(404, 14, '2022-1-60-113', 2.75, NULL, '2025-08-27 22:34:00', NULL, NULL),
(405, 14, '2022-1-60-114', 3.89, NULL, '2025-08-27 22:34:00', NULL, NULL),
(406, 14, '2022-1-60-115', 3.65, NULL, '2025-08-27 22:34:00', NULL, NULL),
(407, 14, '2022-1-60-116', 3.67, NULL, '2025-08-27 22:34:00', NULL, NULL),
(408, 14, '2022-1-60-117', 3.45, NULL, '2025-08-27 22:34:00', NULL, NULL),
(409, 14, '2022-1-60-118', 3.24, NULL, '2025-08-27 22:34:00', NULL, NULL),
(410, 14, '2022-1-60-119', 3.12, NULL, '2025-08-27 22:34:00', NULL, NULL),
(411, 14, '2022-1-60-120', 3.45, NULL, '2025-08-27 22:34:00', NULL, NULL),
(412, 14, '2022-1-60-121', 3.67, NULL, '2025-08-27 22:34:00', NULL, NULL),
(413, 14, '2022-1-60-122', 3.89, NULL, '2025-08-27 22:34:00', NULL, NULL),
(414, 14, '2022-1-60-123', 3.94, NULL, '2025-08-27 22:34:00', NULL, NULL),
(415, 14, '2022-1-60-124', 2.93, NULL, '2025-08-27 22:34:00', NULL, NULL),
(416, 14, '2022-1-60-125', 2.97, NULL, '2025-08-27 22:34:00', NULL, NULL),
(417, 14, '2022-1-60-126', 3.78, NULL, '2025-08-27 22:34:00', NULL, NULL),
(418, 14, '2022-1-60-127', 3.66, NULL, '2025-08-27 22:34:00', NULL, NULL),
(419, 14, '2022-1-60-128', 2.99, NULL, '2025-08-27 22:34:00', NULL, NULL),
(420, 14, '2022-1-60-129', 3.55, NULL, '2025-08-27 22:34:00', NULL, NULL),
(421, 15, '2022-1-60-132', 3.98, NULL, '2025-08-27 22:34:00', NULL, NULL),
(422, 15, '2022-1-60-101', 3.07, NULL, '2025-08-27 22:34:00', NULL, NULL),
(423, 15, '2022-1-60-102', 3.78, NULL, '2025-08-27 22:34:00', NULL, NULL),
(424, 15, '2022-1-60-103', 3.45, NULL, '2025-08-27 22:34:00', NULL, NULL),
(425, 15, '2022-1-60-104', 2.56, NULL, '2025-08-27 22:34:00', NULL, NULL),
(426, 15, '2022-1-60-105', 2.78, NULL, '2025-08-27 22:34:00', NULL, NULL),
(427, 15, '2022-1-60-106', 2.56, NULL, '2025-08-27 22:34:00', NULL, NULL),
(428, 15, '2022-1-60-107', 3.40, NULL, '2025-08-27 22:34:00', NULL, NULL),
(429, 15, '2022-1-60-108', 3.76, NULL, '2025-08-27 22:34:00', NULL, NULL),
(430, 15, '2022-1-60-109', 2.67, NULL, '2025-08-27 22:34:00', NULL, NULL),
(431, 15, '2022-1-60-110', 4.00, NULL, '2025-08-27 22:34:00', NULL, NULL),
(432, 15, '2022-1-60-111', 3.56, NULL, '2025-08-27 22:34:00', NULL, NULL),
(433, 15, '2022-1-60-112', 2.85, NULL, '2025-08-27 22:34:00', NULL, NULL),
(434, 15, '2022-1-60-113', 2.75, NULL, '2025-08-27 22:34:00', NULL, NULL),
(435, 15, '2022-1-60-114', 3.89, NULL, '2025-08-27 22:34:00', NULL, NULL),
(436, 15, '2022-1-60-115', 3.65, NULL, '2025-08-27 22:34:00', NULL, NULL),
(437, 15, '2022-1-60-116', 3.67, NULL, '2025-08-27 22:34:00', NULL, NULL),
(438, 15, '2022-1-60-117', 3.45, NULL, '2025-08-27 22:34:00', NULL, NULL),
(439, 15, '2022-1-60-118', 3.24, NULL, '2025-08-27 22:34:00', NULL, NULL),
(440, 15, '2022-1-60-119', 3.12, NULL, '2025-08-27 22:34:00', NULL, NULL),
(441, 15, '2022-1-60-120', 3.45, NULL, '2025-08-27 22:34:00', NULL, NULL),
(442, 15, '2022-1-60-121', 3.67, NULL, '2025-08-27 22:34:00', NULL, NULL),
(443, 15, '2022-1-60-122', 3.89, NULL, '2025-08-27 22:34:00', NULL, NULL),
(444, 15, '2022-1-60-123', 3.94, NULL, '2025-08-27 22:34:00', NULL, NULL),
(445, 15, '2022-1-60-124', 2.93, NULL, '2025-08-27 22:34:00', NULL, NULL),
(446, 15, '2022-1-60-125', 2.97, NULL, '2025-08-27 22:34:00', NULL, NULL),
(447, 15, '2022-1-60-126', 3.78, NULL, '2025-08-27 22:34:00', NULL, NULL),
(448, 15, '2022-1-60-127', 3.66, NULL, '2025-08-27 22:34:00', NULL, NULL),
(449, 15, '2022-1-60-128', 2.99, NULL, '2025-08-27 22:34:00', NULL, NULL),
(450, 15, '2022-1-60-129', 3.55, NULL, '2025-08-27 22:34:00', NULL, NULL),
(451, 16, '2022-1-60-132', 3.98, NULL, '2025-08-27 22:34:00', NULL, NULL),
(452, 16, '2022-1-60-101', 3.07, NULL, '2025-08-27 22:34:00', NULL, NULL),
(453, 16, '2022-1-60-102', 3.78, NULL, '2025-08-27 22:34:00', NULL, NULL),
(454, 16, '2022-1-60-103', 3.45, NULL, '2025-08-27 22:34:00', NULL, NULL),
(455, 16, '2022-1-60-104', 2.56, NULL, '2025-08-27 22:34:00', NULL, NULL),
(456, 16, '2022-1-60-105', 2.78, NULL, '2025-08-27 22:34:00', NULL, NULL),
(457, 16, '2022-1-60-106', 2.56, NULL, '2025-08-27 22:34:00', NULL, NULL),
(458, 16, '2022-1-60-107', 3.40, NULL, '2025-08-27 22:34:00', NULL, NULL),
(459, 16, '2022-1-60-108', 3.76, NULL, '2025-08-27 22:34:00', NULL, NULL),
(460, 16, '2022-1-60-109', 2.67, NULL, '2025-08-27 22:34:00', NULL, NULL),
(461, 16, '2022-1-60-110', 4.00, NULL, '2025-08-27 22:34:00', NULL, NULL),
(462, 16, '2022-1-60-111', 3.56, NULL, '2025-08-27 22:34:00', NULL, NULL),
(463, 16, '2022-1-60-112', 2.85, NULL, '2025-08-27 22:34:00', NULL, NULL),
(464, 16, '2022-1-60-113', 2.75, NULL, '2025-08-27 22:34:00', NULL, NULL),
(465, 16, '2022-1-60-114', 3.89, NULL, '2025-08-27 22:34:00', NULL, NULL),
(466, 16, '2022-1-60-115', 3.65, NULL, '2025-08-27 22:34:00', NULL, NULL),
(467, 16, '2022-1-60-116', 3.67, NULL, '2025-08-27 22:34:00', NULL, NULL),
(468, 16, '2022-1-60-117', 3.45, NULL, '2025-08-27 22:34:00', NULL, NULL),
(469, 16, '2022-1-60-118', 3.24, NULL, '2025-08-27 22:34:00', NULL, NULL),
(470, 16, '2022-1-60-119', 3.12, NULL, '2025-08-27 22:34:00', NULL, NULL),
(471, 16, '2022-1-60-120', 3.45, NULL, '2025-08-27 22:34:00', NULL, NULL),
(472, 16, '2022-1-60-121', 3.67, NULL, '2025-08-27 22:34:00', NULL, NULL),
(473, 16, '2022-1-60-122', 3.89, NULL, '2025-08-27 22:34:00', NULL, NULL),
(474, 16, '2022-1-60-123', 3.94, NULL, '2025-08-27 22:34:00', NULL, NULL),
(475, 16, '2022-1-60-124', 2.93, NULL, '2025-08-27 22:34:00', NULL, NULL),
(476, 16, '2022-1-60-125', 2.97, NULL, '2025-08-27 22:34:00', NULL, NULL),
(477, 16, '2022-1-60-126', 3.78, NULL, '2025-08-27 22:34:00', NULL, NULL),
(478, 16, '2022-1-60-127', 3.66, NULL, '2025-08-27 22:34:00', NULL, NULL),
(479, 16, '2022-1-60-128', 2.99, NULL, '2025-08-27 22:34:00', NULL, NULL),
(480, 16, '2022-1-60-129', 3.55, NULL, '2025-08-27 22:34:00', NULL, NULL),
(481, 17, '2022-1-60-132', 3.98, NULL, '2025-08-27 22:34:00', NULL, NULL),
(482, 17, '2022-1-60-101', 3.07, NULL, '2025-08-27 22:34:00', NULL, NULL),
(483, 17, '2022-1-60-102', 3.78, NULL, '2025-08-27 22:34:00', NULL, NULL),
(484, 17, '2022-1-60-103', 3.45, NULL, '2025-08-27 22:34:00', NULL, NULL),
(485, 17, '2022-1-60-104', 2.56, NULL, '2025-08-27 22:34:00', NULL, NULL),
(486, 17, '2022-1-60-105', 2.78, NULL, '2025-08-27 22:34:00', NULL, NULL),
(487, 17, '2022-1-60-106', 2.56, NULL, '2025-08-27 22:34:00', NULL, NULL),
(488, 17, '2022-1-60-107', 3.40, NULL, '2025-08-27 22:34:00', NULL, NULL),
(489, 17, '2022-1-60-108', 3.76, NULL, '2025-08-27 22:34:00', NULL, NULL),
(490, 17, '2022-1-60-109', 2.67, NULL, '2025-08-27 22:34:00', NULL, NULL),
(491, 17, '2022-1-60-110', 4.00, NULL, '2025-08-27 22:34:00', NULL, NULL),
(492, 17, '2022-1-60-111', 3.56, NULL, '2025-08-27 22:34:00', NULL, NULL),
(493, 17, '2022-1-60-112', 2.85, NULL, '2025-08-27 22:34:00', NULL, NULL),
(494, 17, '2022-1-60-113', 2.75, NULL, '2025-08-27 22:34:00', NULL, NULL),
(495, 17, '2022-1-60-114', 3.89, NULL, '2025-08-27 22:34:00', NULL, NULL),
(496, 17, '2022-1-60-115', 3.65, NULL, '2025-08-27 22:34:00', NULL, NULL),
(497, 17, '2022-1-60-116', 3.67, NULL, '2025-08-27 22:34:00', NULL, NULL),
(498, 17, '2022-1-60-117', 3.45, NULL, '2025-08-27 22:34:00', NULL, NULL),
(499, 17, '2022-1-60-118', 3.24, NULL, '2025-08-27 22:34:00', NULL, NULL),
(500, 17, '2022-1-60-119', 3.12, NULL, '2025-08-27 22:34:00', NULL, NULL),
(501, 17, '2022-1-60-120', 3.45, NULL, '2025-08-27 22:34:00', NULL, NULL),
(502, 17, '2022-1-60-121', 3.67, NULL, '2025-08-27 22:34:00', NULL, NULL),
(503, 17, '2022-1-60-122', 3.89, NULL, '2025-08-27 22:34:00', NULL, NULL),
(504, 17, '2022-1-60-123', 3.94, NULL, '2025-08-27 22:34:00', NULL, NULL),
(505, 17, '2022-1-60-124', 2.93, NULL, '2025-08-27 22:34:00', NULL, NULL),
(506, 17, '2022-1-60-125', 2.97, NULL, '2025-08-27 22:34:00', NULL, NULL),
(507, 17, '2022-1-60-126', 3.78, NULL, '2025-08-27 22:34:00', NULL, NULL),
(508, 17, '2022-1-60-127', 3.66, NULL, '2025-08-27 22:34:00', NULL, NULL),
(509, 17, '2022-1-60-128', 2.99, NULL, '2025-08-27 22:34:00', NULL, NULL),
(510, 17, '2022-1-60-129', 3.55, NULL, '2025-08-27 22:34:00', NULL, NULL),
(511, 18, '2022-1-60-132', 3.98, NULL, '2025-08-27 22:34:00', NULL, NULL),
(512, 18, '2022-1-60-101', 3.07, NULL, '2025-08-27 22:34:00', NULL, NULL),
(513, 18, '2022-1-60-102', 3.78, NULL, '2025-08-27 22:34:00', NULL, NULL),
(514, 18, '2022-1-60-103', 3.45, NULL, '2025-08-27 22:34:00', NULL, NULL),
(515, 18, '2022-1-60-104', 2.56, NULL, '2025-08-27 22:34:00', NULL, NULL),
(516, 18, '2022-1-60-105', 2.78, NULL, '2025-08-27 22:34:00', NULL, NULL),
(517, 18, '2022-1-60-106', 2.56, NULL, '2025-08-27 22:34:00', NULL, NULL),
(518, 18, '2022-1-60-107', 3.40, NULL, '2025-08-27 22:34:00', NULL, NULL),
(519, 18, '2022-1-60-108', 3.76, NULL, '2025-08-27 22:34:00', NULL, NULL),
(520, 18, '2022-1-60-109', 2.67, NULL, '2025-08-27 22:34:00', NULL, NULL),
(521, 18, '2022-1-60-110', 4.00, NULL, '2025-08-27 22:34:00', NULL, NULL),
(522, 18, '2022-1-60-111', 3.56, NULL, '2025-08-27 22:34:00', NULL, NULL),
(523, 18, '2022-1-60-112', 2.85, NULL, '2025-08-27 22:34:00', NULL, NULL),
(524, 18, '2022-1-60-113', 2.75, NULL, '2025-08-27 22:34:00', NULL, NULL),
(525, 18, '2022-1-60-114', 3.89, NULL, '2025-08-27 22:34:00', NULL, NULL),
(526, 18, '2022-1-60-115', 3.65, NULL, '2025-08-27 22:34:00', NULL, NULL),
(527, 18, '2022-1-60-116', 3.67, NULL, '2025-08-27 22:34:00', NULL, NULL),
(528, 18, '2022-1-60-117', 3.45, NULL, '2025-08-27 22:34:00', NULL, NULL),
(529, 18, '2022-1-60-118', 3.24, NULL, '2025-08-27 22:34:00', NULL, NULL),
(530, 18, '2022-1-60-119', 3.12, NULL, '2025-08-27 22:34:00', NULL, NULL),
(531, 18, '2022-1-60-120', 3.45, NULL, '2025-08-27 22:34:00', NULL, NULL),
(532, 18, '2022-1-60-121', 3.67, NULL, '2025-08-27 22:34:00', NULL, NULL),
(533, 18, '2022-1-60-122', 3.89, NULL, '2025-08-27 22:34:00', NULL, NULL),
(534, 18, '2022-1-60-123', 3.94, NULL, '2025-08-27 22:34:00', NULL, NULL),
(535, 18, '2022-1-60-124', 2.93, NULL, '2025-08-27 22:34:00', NULL, NULL),
(536, 18, '2022-1-60-125', 2.97, NULL, '2025-08-27 22:34:00', NULL, NULL),
(537, 18, '2022-1-60-126', 3.78, NULL, '2025-08-27 22:34:00', NULL, NULL),
(538, 18, '2022-1-60-127', 3.66, NULL, '2025-08-27 22:34:00', NULL, NULL),
(539, 18, '2022-1-60-128', 2.99, NULL, '2025-08-27 22:34:00', NULL, NULL),
(540, 18, '2022-1-60-129', 3.55, NULL, '2025-08-27 22:34:00', NULL, NULL),
(541, 19, '2022-1-60-132', 3.98, NULL, '2025-08-27 22:34:00', NULL, NULL),
(542, 19, '2022-1-60-101', 3.07, NULL, '2025-08-27 22:34:00', NULL, NULL),
(543, 19, '2022-1-60-102', 3.78, NULL, '2025-08-27 22:34:00', NULL, NULL),
(544, 19, '2022-1-60-103', 3.45, NULL, '2025-08-27 22:34:00', NULL, NULL),
(545, 19, '2022-1-60-104', 2.56, NULL, '2025-08-27 22:34:00', NULL, NULL),
(546, 19, '2022-1-60-105', 2.78, NULL, '2025-08-27 22:34:00', NULL, NULL),
(547, 19, '2022-1-60-106', 2.56, NULL, '2025-08-27 22:34:00', NULL, NULL),
(548, 19, '2022-1-60-107', 3.40, NULL, '2025-08-27 22:34:00', NULL, NULL),
(549, 19, '2022-1-60-108', 3.76, NULL, '2025-08-27 22:34:00', NULL, NULL),
(550, 19, '2022-1-60-109', 2.67, NULL, '2025-08-27 22:34:00', NULL, NULL),
(551, 19, '2022-1-60-110', 4.00, NULL, '2025-08-27 22:34:00', NULL, NULL),
(552, 19, '2022-1-60-111', 3.56, NULL, '2025-08-27 22:34:00', NULL, NULL),
(553, 19, '2022-1-60-112', 2.85, NULL, '2025-08-27 22:34:00', NULL, NULL),
(554, 19, '2022-1-60-113', 2.75, NULL, '2025-08-27 22:34:00', NULL, NULL),
(555, 19, '2022-1-60-114', 3.89, NULL, '2025-08-27 22:34:00', NULL, NULL),
(556, 19, '2022-1-60-115', 3.65, NULL, '2025-08-27 22:34:00', NULL, NULL),
(557, 19, '2022-1-60-116', 3.67, NULL, '2025-08-27 22:34:00', NULL, NULL),
(558, 19, '2022-1-60-117', 3.45, NULL, '2025-08-27 22:34:00', NULL, NULL),
(559, 19, '2022-1-60-118', 3.24, NULL, '2025-08-27 22:34:00', NULL, NULL),
(560, 19, '2022-1-60-119', 3.12, NULL, '2025-08-27 22:34:00', NULL, NULL),
(561, 19, '2022-1-60-120', 3.45, NULL, '2025-08-27 22:34:00', NULL, NULL),
(562, 19, '2022-1-60-121', 3.67, NULL, '2025-08-27 22:34:00', NULL, NULL),
(563, 19, '2022-1-60-122', 3.89, NULL, '2025-08-27 22:34:00', NULL, NULL),
(564, 19, '2022-1-60-123', 3.94, NULL, '2025-08-27 22:34:00', NULL, NULL),
(565, 19, '2022-1-60-124', 2.93, NULL, '2025-08-27 22:34:00', NULL, NULL),
(566, 19, '2022-1-60-125', 2.97, NULL, '2025-08-27 22:34:00', NULL, NULL),
(567, 19, '2022-1-60-126', 3.78, NULL, '2025-08-27 22:34:00', NULL, NULL),
(568, 19, '2022-1-60-127', 3.66, NULL, '2025-08-27 22:34:00', NULL, NULL),
(569, 19, '2022-1-60-128', 2.99, NULL, '2025-08-27 22:34:00', NULL, NULL),
(570, 19, '2022-1-60-129', 3.55, NULL, '2025-08-27 22:34:00', NULL, NULL),
(571, 20, '2022-1-60-132', 3.98, NULL, '2025-08-27 22:34:00', NULL, NULL),
(572, 20, '2022-1-60-101', 3.07, NULL, '2025-08-27 22:34:00', NULL, NULL),
(573, 20, '2022-1-60-102', 3.78, NULL, '2025-08-27 22:34:00', NULL, NULL),
(574, 20, '2022-1-60-103', 3.45, NULL, '2025-08-27 22:34:00', NULL, NULL),
(575, 20, '2022-1-60-104', 2.56, NULL, '2025-08-27 22:34:00', NULL, NULL),
(576, 20, '2022-1-60-105', 2.78, NULL, '2025-08-27 22:34:00', NULL, NULL),
(577, 20, '2022-1-60-106', 2.56, NULL, '2025-08-27 22:34:00', NULL, NULL),
(578, 20, '2022-1-60-107', 3.40, NULL, '2025-08-27 22:34:00', NULL, NULL),
(579, 20, '2022-1-60-108', 3.76, NULL, '2025-08-27 22:34:00', NULL, NULL),
(580, 20, '2022-1-60-109', 2.67, NULL, '2025-08-27 22:34:00', NULL, NULL),
(581, 20, '2022-1-60-110', 4.00, NULL, '2025-08-27 22:34:00', NULL, NULL),
(582, 20, '2022-1-60-111', 3.56, NULL, '2025-08-27 22:34:00', NULL, NULL),
(583, 20, '2022-1-60-112', 2.85, NULL, '2025-08-27 22:34:00', NULL, NULL),
(584, 20, '2022-1-60-113', 2.75, NULL, '2025-08-27 22:34:00', NULL, NULL),
(585, 20, '2022-1-60-114', 3.89, NULL, '2025-08-27 22:34:00', NULL, NULL),
(586, 20, '2022-1-60-115', 3.65, NULL, '2025-08-27 22:34:00', NULL, NULL),
(587, 20, '2022-1-60-116', 3.67, NULL, '2025-08-27 22:34:00', NULL, NULL),
(588, 20, '2022-1-60-117', 3.45, NULL, '2025-08-27 22:34:00', NULL, NULL),
(589, 20, '2022-1-60-118', 3.24, NULL, '2025-08-27 22:34:00', NULL, NULL),
(590, 20, '2022-1-60-119', 3.12, NULL, '2025-08-27 22:34:00', NULL, NULL),
(591, 20, '2022-1-60-120', 3.45, NULL, '2025-08-27 22:34:00', NULL, NULL),
(592, 20, '2022-1-60-121', 3.67, NULL, '2025-08-27 22:34:00', NULL, NULL),
(593, 20, '2022-1-60-122', 3.89, NULL, '2025-08-27 22:34:00', NULL, NULL),
(594, 20, '2022-1-60-123', 3.94, NULL, '2025-08-27 22:34:00', NULL, NULL),
(595, 20, '2022-1-60-124', 2.93, NULL, '2025-08-27 22:34:00', NULL, NULL),
(596, 20, '2022-1-60-125', 2.97, NULL, '2025-08-27 22:34:00', NULL, NULL),
(597, 20, '2022-1-60-126', 3.78, NULL, '2025-08-27 22:34:00', NULL, NULL),
(598, 20, '2022-1-60-127', 3.66, NULL, '2025-08-27 22:34:00', NULL, NULL),
(599, 20, '2022-1-60-128', 2.99, NULL, '2025-08-27 22:34:00', NULL, NULL),
(600, 20, '2022-1-60-129', 3.55, NULL, '2025-08-27 22:34:00', NULL, NULL),
(601, 21, '2022-1-60-132', 3.98, NULL, '2025-08-27 22:34:00', NULL, NULL),
(602, 21, '2022-1-60-101', 3.07, NULL, '2025-08-27 22:34:00', NULL, NULL),
(603, 21, '2022-1-60-102', 3.78, NULL, '2025-08-27 22:34:00', NULL, NULL),
(604, 21, '2022-1-60-103', 3.45, NULL, '2025-08-27 22:34:00', NULL, NULL),
(605, 21, '2022-1-60-104', 2.56, NULL, '2025-08-27 22:34:00', NULL, NULL),
(606, 21, '2022-1-60-105', 2.78, NULL, '2025-08-27 22:34:00', NULL, NULL),
(607, 21, '2022-1-60-106', 2.56, NULL, '2025-08-27 22:34:00', NULL, NULL),
(608, 21, '2022-1-60-107', 3.40, NULL, '2025-08-27 22:34:00', NULL, NULL),
(609, 21, '2022-1-60-108', 3.76, NULL, '2025-08-27 22:34:00', NULL, NULL),
(610, 21, '2022-1-60-109', 2.67, NULL, '2025-08-27 22:34:00', NULL, NULL),
(611, 21, '2022-1-60-110', 4.00, NULL, '2025-08-27 22:34:00', NULL, NULL),
(612, 21, '2022-1-60-111', 3.56, NULL, '2025-08-27 22:34:00', NULL, NULL),
(613, 21, '2022-1-60-112', 2.85, NULL, '2025-08-27 22:34:00', NULL, NULL),
(614, 21, '2022-1-60-113', 2.75, NULL, '2025-08-27 22:34:00', NULL, NULL),
(615, 21, '2022-1-60-114', 3.89, NULL, '2025-08-27 22:34:00', NULL, NULL),
(616, 21, '2022-1-60-115', 3.65, NULL, '2025-08-27 22:34:00', NULL, NULL),
(617, 21, '2022-1-60-116', 3.67, NULL, '2025-08-27 22:34:00', NULL, NULL),
(618, 21, '2022-1-60-117', 3.45, NULL, '2025-08-27 22:34:00', NULL, NULL),
(619, 21, '2022-1-60-118', 3.24, NULL, '2025-08-27 22:34:00', NULL, NULL),
(620, 21, '2022-1-60-119', 3.12, NULL, '2025-08-27 22:34:00', NULL, NULL),
(621, 21, '2022-1-60-120', 3.45, NULL, '2025-08-27 22:34:00', NULL, NULL),
(622, 21, '2022-1-60-121', 3.67, NULL, '2025-08-27 22:34:00', NULL, NULL),
(623, 21, '2022-1-60-122', 3.89, NULL, '2025-08-27 22:34:00', NULL, NULL),
(624, 21, '2022-1-60-123', 3.94, NULL, '2025-08-27 22:34:00', NULL, NULL),
(625, 21, '2022-1-60-124', 2.93, NULL, '2025-08-27 22:34:00', NULL, NULL),
(626, 21, '2022-1-60-125', 2.97, NULL, '2025-08-27 22:34:00', NULL, NULL),
(627, 21, '2022-1-60-126', 3.78, NULL, '2025-08-27 22:34:00', NULL, NULL),
(628, 21, '2022-1-60-127', 3.66, NULL, '2025-08-27 22:34:00', NULL, NULL),
(629, 21, '2022-1-60-128', 2.99, NULL, '2025-08-27 22:34:00', NULL, NULL),
(630, 21, '2022-1-60-129', 3.55, NULL, '2025-08-27 22:34:00', NULL, NULL),
(631, 22, '2022-1-60-132', 3.98, NULL, '2025-08-27 22:34:00', NULL, NULL),
(632, 22, '2022-1-60-101', 3.07, NULL, '2025-08-27 22:34:00', NULL, NULL),
(633, 22, '2022-1-60-102', 3.78, NULL, '2025-08-27 22:34:00', NULL, NULL),
(634, 22, '2022-1-60-103', 3.45, NULL, '2025-08-27 22:34:00', NULL, NULL),
(635, 22, '2022-1-60-104', 2.56, NULL, '2025-08-27 22:34:00', NULL, NULL),
(636, 22, '2022-1-60-105', 2.78, NULL, '2025-08-27 22:34:00', NULL, NULL),
(637, 22, '2022-1-60-106', 2.56, NULL, '2025-08-27 22:34:00', NULL, NULL),
(638, 22, '2022-1-60-107', 3.40, NULL, '2025-08-27 22:34:00', NULL, NULL),
(639, 22, '2022-1-60-108', 3.76, NULL, '2025-08-27 22:34:00', NULL, NULL),
(640, 22, '2022-1-60-109', 2.67, NULL, '2025-08-27 22:34:00', NULL, NULL),
(641, 22, '2022-1-60-110', 4.00, NULL, '2025-08-27 22:34:00', NULL, NULL),
(642, 22, '2022-1-60-111', 3.56, NULL, '2025-08-27 22:34:00', NULL, NULL),
(643, 22, '2022-1-60-112', 2.85, NULL, '2025-08-27 22:34:00', NULL, NULL),
(644, 22, '2022-1-60-113', 2.75, NULL, '2025-08-27 22:34:00', NULL, NULL),
(645, 22, '2022-1-60-114', 3.89, NULL, '2025-08-27 22:34:00', NULL, NULL),
(646, 22, '2022-1-60-115', 3.65, NULL, '2025-08-27 22:34:00', NULL, NULL),
(647, 22, '2022-1-60-116', 3.67, NULL, '2025-08-27 22:34:00', NULL, NULL),
(648, 22, '2022-1-60-117', 3.45, NULL, '2025-08-27 22:34:00', NULL, NULL),
(649, 22, '2022-1-60-118', 3.24, NULL, '2025-08-27 22:34:00', NULL, NULL),
(650, 22, '2022-1-60-119', 3.12, NULL, '2025-08-27 22:34:00', NULL, NULL),
(651, 22, '2022-1-60-120', 3.45, NULL, '2025-08-27 22:34:00', NULL, NULL),
(652, 22, '2022-1-60-121', 3.67, NULL, '2025-08-27 22:34:00', NULL, NULL),
(653, 22, '2022-1-60-122', 3.89, NULL, '2025-08-27 22:34:00', NULL, NULL),
(654, 22, '2022-1-60-123', 3.94, NULL, '2025-08-27 22:34:00', NULL, NULL),
(655, 22, '2022-1-60-124', 2.93, NULL, '2025-08-27 22:34:00', NULL, NULL),
(656, 22, '2022-1-60-125', 2.97, NULL, '2025-08-27 22:34:00', NULL, NULL),
(657, 22, '2022-1-60-126', 3.78, NULL, '2025-08-27 22:34:00', NULL, NULL),
(658, 22, '2022-1-60-127', 3.66, NULL, '2025-08-27 22:34:00', NULL, NULL),
(659, 22, '2022-1-60-128', 2.99, NULL, '2025-08-27 22:34:00', NULL, NULL),
(660, 22, '2022-1-60-129', 3.55, NULL, '2025-08-27 22:34:00', NULL, NULL),
(661, 23, '2022-1-60-132', 3.98, NULL, '2025-08-27 22:34:00', NULL, NULL),
(662, 23, '2022-1-60-101', 3.07, NULL, '2025-08-27 22:34:00', NULL, NULL),
(663, 23, '2022-1-60-102', 3.78, NULL, '2025-08-27 22:34:00', NULL, NULL),
(664, 23, '2022-1-60-103', 3.45, NULL, '2025-08-27 22:34:00', NULL, NULL),
(665, 23, '2022-1-60-104', 2.56, NULL, '2025-08-27 22:34:00', NULL, NULL),
(666, 23, '2022-1-60-105', 2.78, NULL, '2025-08-27 22:34:00', NULL, NULL),
(667, 23, '2022-1-60-106', 2.56, NULL, '2025-08-27 22:34:00', NULL, NULL),
(668, 23, '2022-1-60-107', 3.40, NULL, '2025-08-27 22:34:00', NULL, NULL),
(669, 23, '2022-1-60-108', 3.76, NULL, '2025-08-27 22:34:00', NULL, NULL),
(670, 23, '2022-1-60-109', 2.67, NULL, '2025-08-27 22:34:00', NULL, NULL),
(671, 23, '2022-1-60-110', 4.00, NULL, '2025-08-27 22:34:00', NULL, NULL),
(672, 23, '2022-1-60-111', 3.56, NULL, '2025-08-27 22:34:00', NULL, NULL),
(673, 23, '2022-1-60-112', 2.85, NULL, '2025-08-27 22:34:00', NULL, NULL),
(674, 23, '2022-1-60-113', 2.75, NULL, '2025-08-27 22:34:00', NULL, NULL),
(675, 23, '2022-1-60-114', 3.89, NULL, '2025-08-27 22:34:00', NULL, NULL),
(676, 23, '2022-1-60-115', 3.65, NULL, '2025-08-27 22:34:00', NULL, NULL),
(677, 23, '2022-1-60-116', 3.67, NULL, '2025-08-27 22:34:00', NULL, NULL),
(678, 23, '2022-1-60-117', 3.45, NULL, '2025-08-27 22:34:00', NULL, NULL),
(679, 23, '2022-1-60-118', 3.24, NULL, '2025-08-27 22:34:00', NULL, NULL),
(680, 23, '2022-1-60-119', 3.12, NULL, '2025-08-27 22:34:00', NULL, NULL),
(681, 23, '2022-1-60-120', 3.45, NULL, '2025-08-27 22:34:00', NULL, NULL),
(682, 23, '2022-1-60-121', 3.67, NULL, '2025-08-27 22:34:00', NULL, NULL),
(683, 23, '2022-1-60-122', 3.89, NULL, '2025-08-27 22:34:00', NULL, NULL),
(684, 23, '2022-1-60-123', 3.94, NULL, '2025-08-27 22:34:00', NULL, NULL),
(685, 23, '2022-1-60-124', 2.93, NULL, '2025-08-27 22:34:00', NULL, NULL),
(686, 23, '2022-1-60-125', 2.97, NULL, '2025-08-27 22:34:00', NULL, NULL),
(687, 23, '2022-1-60-126', 3.78, NULL, '2025-08-27 22:34:00', NULL, NULL),
(688, 23, '2022-1-60-127', 3.66, NULL, '2025-08-27 22:34:00', NULL, NULL);
INSERT INTO `course_enrollments` (`id`, `course_id`, `student_university_id`, `student_cgpa`, `user_id`, `created_at`, `updated_at`, `group_id`) VALUES
(689, 23, '2022-1-60-128', 2.99, NULL, '2025-08-27 22:34:00', NULL, NULL),
(690, 23, '2022-1-60-129', 3.55, NULL, '2025-08-27 22:34:00', NULL, NULL),
(691, 24, '2022-1-60-132', 3.98, NULL, '2025-08-27 22:34:00', NULL, NULL),
(692, 24, '2022-1-60-101', 3.07, NULL, '2025-08-27 22:34:00', NULL, NULL),
(693, 24, '2022-1-60-102', 3.78, NULL, '2025-08-27 22:34:00', NULL, NULL),
(694, 24, '2022-1-60-103', 3.45, NULL, '2025-08-27 22:34:00', NULL, NULL),
(695, 24, '2022-1-60-104', 2.56, NULL, '2025-08-27 22:34:00', NULL, NULL),
(696, 24, '2022-1-60-105', 2.78, NULL, '2025-08-27 22:34:00', NULL, NULL),
(697, 24, '2022-1-60-106', 2.56, NULL, '2025-08-27 22:34:00', NULL, NULL),
(698, 24, '2022-1-60-107', 3.40, NULL, '2025-08-27 22:34:00', NULL, NULL),
(699, 24, '2022-1-60-108', 3.76, NULL, '2025-08-27 22:34:00', NULL, NULL),
(700, 24, '2022-1-60-109', 2.67, NULL, '2025-08-27 22:34:00', NULL, NULL),
(701, 24, '2022-1-60-110', 4.00, NULL, '2025-08-27 22:34:00', NULL, NULL),
(702, 24, '2022-1-60-111', 3.56, NULL, '2025-08-27 22:34:00', NULL, NULL),
(703, 24, '2022-1-60-112', 2.85, NULL, '2025-08-27 22:34:00', NULL, NULL),
(704, 24, '2022-1-60-113', 2.75, NULL, '2025-08-27 22:34:00', NULL, NULL),
(705, 24, '2022-1-60-114', 3.89, NULL, '2025-08-27 22:34:00', NULL, NULL),
(706, 24, '2022-1-60-115', 3.65, NULL, '2025-08-27 22:34:00', NULL, NULL),
(707, 24, '2022-1-60-116', 3.67, NULL, '2025-08-27 22:34:00', NULL, NULL),
(708, 24, '2022-1-60-117', 3.45, NULL, '2025-08-27 22:34:00', NULL, NULL),
(709, 24, '2022-1-60-118', 3.24, NULL, '2025-08-27 22:34:00', NULL, NULL),
(710, 24, '2022-1-60-119', 3.12, NULL, '2025-08-27 22:34:00', NULL, NULL),
(711, 24, '2022-1-60-120', 3.45, NULL, '2025-08-27 22:34:00', NULL, NULL),
(712, 24, '2022-1-60-121', 3.67, NULL, '2025-08-27 22:34:00', NULL, NULL),
(713, 24, '2022-1-60-122', 3.89, NULL, '2025-08-27 22:34:00', NULL, NULL),
(714, 24, '2022-1-60-123', 3.94, NULL, '2025-08-27 22:34:00', NULL, NULL),
(715, 24, '2022-1-60-124', 2.93, NULL, '2025-08-27 22:34:00', NULL, NULL),
(716, 24, '2022-1-60-125', 2.97, NULL, '2025-08-27 22:34:00', NULL, NULL),
(717, 24, '2022-1-60-126', 3.78, NULL, '2025-08-27 22:34:00', NULL, NULL),
(718, 24, '2022-1-60-127', 3.66, NULL, '2025-08-27 22:34:00', NULL, NULL),
(719, 24, '2022-1-60-128', 2.99, NULL, '2025-08-27 22:34:00', NULL, NULL),
(720, 24, '2022-1-60-129', 3.55, NULL, '2025-08-27 22:34:00', NULL, NULL),
(721, 25, '2022-1-60-132', 3.98, NULL, '2025-08-27 22:34:00', NULL, NULL),
(722, 25, '2022-1-60-101', 3.07, NULL, '2025-08-27 22:34:00', NULL, NULL),
(723, 25, '2022-1-60-102', 3.78, NULL, '2025-08-27 22:34:00', NULL, NULL),
(724, 25, '2022-1-60-103', 3.45, NULL, '2025-08-27 22:34:00', NULL, NULL),
(725, 25, '2022-1-60-104', 2.56, NULL, '2025-08-27 22:34:00', NULL, NULL),
(726, 25, '2022-1-60-105', 2.78, NULL, '2025-08-27 22:34:00', NULL, NULL),
(727, 25, '2022-1-60-106', 2.56, NULL, '2025-08-27 22:34:00', NULL, NULL),
(728, 25, '2022-1-60-107', 3.40, NULL, '2025-08-27 22:34:00', NULL, NULL),
(729, 25, '2022-1-60-108', 3.76, NULL, '2025-08-27 22:34:00', NULL, NULL),
(730, 25, '2022-1-60-109', 2.67, NULL, '2025-08-27 22:34:00', NULL, NULL),
(731, 25, '2022-1-60-110', 4.00, NULL, '2025-08-27 22:34:00', NULL, NULL),
(732, 25, '2022-1-60-111', 3.56, NULL, '2025-08-27 22:34:00', NULL, NULL),
(733, 25, '2022-1-60-112', 2.85, NULL, '2025-08-27 22:34:00', NULL, NULL),
(734, 25, '2022-1-60-113', 2.75, NULL, '2025-08-27 22:34:00', NULL, NULL),
(735, 25, '2022-1-60-114', 3.89, NULL, '2025-08-27 22:34:00', NULL, NULL),
(736, 25, '2022-1-60-115', 3.65, NULL, '2025-08-27 22:34:00', NULL, NULL),
(737, 25, '2022-1-60-116', 3.67, NULL, '2025-08-27 22:34:00', NULL, NULL),
(738, 25, '2022-1-60-117', 3.45, NULL, '2025-08-27 22:34:00', NULL, NULL),
(739, 25, '2022-1-60-118', 3.24, NULL, '2025-08-27 22:34:00', NULL, NULL),
(740, 25, '2022-1-60-119', 3.12, NULL, '2025-08-27 22:34:00', NULL, NULL),
(741, 25, '2022-1-60-120', 3.45, NULL, '2025-08-27 22:34:00', NULL, NULL),
(742, 25, '2022-1-60-121', 3.67, NULL, '2025-08-27 22:34:00', NULL, NULL),
(743, 25, '2022-1-60-122', 3.89, NULL, '2025-08-27 22:34:00', NULL, NULL),
(744, 25, '2022-1-60-123', 3.94, NULL, '2025-08-27 22:34:00', NULL, NULL),
(745, 25, '2022-1-60-124', 2.93, NULL, '2025-08-27 22:34:00', NULL, NULL),
(746, 25, '2022-1-60-125', 2.97, NULL, '2025-08-27 22:34:00', NULL, NULL),
(747, 25, '2022-1-60-126', 3.78, NULL, '2025-08-27 22:34:00', NULL, NULL),
(748, 25, '2022-1-60-127', 3.66, NULL, '2025-08-27 22:34:00', NULL, NULL),
(749, 25, '2022-1-60-128', 2.99, NULL, '2025-08-27 22:34:00', NULL, NULL),
(750, 25, '2022-1-60-129', 3.55, NULL, '2025-08-27 22:34:00', NULL, NULL),
(751, 26, '2022-1-60-132', 3.98, NULL, '2025-08-27 22:34:00', NULL, NULL),
(752, 26, '2022-1-60-101', 3.07, NULL, '2025-08-27 22:34:00', NULL, NULL),
(753, 26, '2022-1-60-102', 3.78, NULL, '2025-08-27 22:34:00', NULL, NULL),
(754, 26, '2022-1-60-103', 3.45, NULL, '2025-08-27 22:34:00', NULL, NULL),
(755, 26, '2022-1-60-104', 2.56, NULL, '2025-08-27 22:34:00', NULL, NULL),
(756, 26, '2022-1-60-105', 2.78, NULL, '2025-08-27 22:34:00', NULL, NULL),
(757, 26, '2022-1-60-106', 2.56, NULL, '2025-08-27 22:34:00', NULL, NULL),
(758, 26, '2022-1-60-107', 3.40, NULL, '2025-08-27 22:34:00', NULL, NULL),
(759, 26, '2022-1-60-108', 3.76, NULL, '2025-08-27 22:34:00', NULL, NULL),
(760, 26, '2022-1-60-109', 2.67, NULL, '2025-08-27 22:34:00', NULL, NULL),
(761, 26, '2022-1-60-110', 4.00, NULL, '2025-08-27 22:34:00', NULL, NULL),
(762, 26, '2022-1-60-111', 3.56, NULL, '2025-08-27 22:34:00', NULL, NULL),
(763, 26, '2022-1-60-112', 2.85, NULL, '2025-08-27 22:34:00', NULL, NULL),
(764, 26, '2022-1-60-113', 2.75, NULL, '2025-08-27 22:34:00', NULL, NULL),
(765, 26, '2022-1-60-114', 3.89, NULL, '2025-08-27 22:34:00', NULL, NULL),
(766, 26, '2022-1-60-115', 3.65, NULL, '2025-08-27 22:34:00', NULL, NULL),
(767, 26, '2022-1-60-116', 3.67, NULL, '2025-08-27 22:34:00', NULL, NULL),
(768, 26, '2022-1-60-117', 3.45, NULL, '2025-08-27 22:34:00', NULL, NULL),
(769, 26, '2022-1-60-118', 3.24, NULL, '2025-08-27 22:34:00', NULL, NULL),
(770, 26, '2022-1-60-119', 3.12, NULL, '2025-08-27 22:34:00', NULL, NULL),
(771, 26, '2022-1-60-120', 3.45, NULL, '2025-08-27 22:34:00', NULL, NULL),
(772, 26, '2022-1-60-121', 3.67, NULL, '2025-08-27 22:34:00', NULL, NULL),
(773, 26, '2022-1-60-122', 3.89, NULL, '2025-08-27 22:34:00', NULL, NULL),
(774, 26, '2022-1-60-123', 3.94, NULL, '2025-08-27 22:34:00', NULL, NULL),
(775, 26, '2022-1-60-124', 2.93, NULL, '2025-08-27 22:34:00', NULL, NULL),
(776, 26, '2022-1-60-125', 2.97, NULL, '2025-08-27 22:34:00', NULL, NULL),
(777, 26, '2022-1-60-126', 3.78, NULL, '2025-08-27 22:34:00', NULL, NULL),
(778, 26, '2022-1-60-127', 3.66, NULL, '2025-08-27 22:34:00', NULL, NULL),
(779, 26, '2022-1-60-128', 2.99, NULL, '2025-08-27 22:34:00', NULL, NULL),
(780, 26, '2022-1-60-129', 3.55, NULL, '2025-08-27 22:34:00', NULL, NULL),
(781, 27, '2022-1-60-132', 3.98, NULL, '2025-08-27 22:34:00', NULL, NULL),
(782, 27, '2022-1-60-101', 3.07, NULL, '2025-08-27 22:34:00', NULL, NULL),
(783, 27, '2022-1-60-102', 3.78, NULL, '2025-08-27 22:34:00', NULL, NULL),
(784, 27, '2022-1-60-103', 3.45, NULL, '2025-08-27 22:34:00', NULL, NULL),
(785, 27, '2022-1-60-104', 2.56, NULL, '2025-08-27 22:34:00', NULL, NULL),
(786, 27, '2022-1-60-105', 2.78, NULL, '2025-08-27 22:34:00', NULL, NULL),
(787, 27, '2022-1-60-106', 2.56, NULL, '2025-08-27 22:34:00', NULL, NULL),
(788, 27, '2022-1-60-107', 3.40, NULL, '2025-08-27 22:34:00', NULL, NULL),
(789, 27, '2022-1-60-108', 3.76, NULL, '2025-08-27 22:34:00', NULL, NULL),
(790, 27, '2022-1-60-109', 2.67, NULL, '2025-08-27 22:34:00', NULL, NULL),
(791, 27, '2022-1-60-110', 4.00, NULL, '2025-08-27 22:34:00', NULL, NULL),
(792, 27, '2022-1-60-111', 3.56, NULL, '2025-08-27 22:34:00', NULL, NULL),
(793, 27, '2022-1-60-112', 2.85, NULL, '2025-08-27 22:34:00', NULL, NULL),
(794, 27, '2022-1-60-113', 2.75, NULL, '2025-08-27 22:34:00', NULL, NULL),
(795, 27, '2022-1-60-114', 3.89, NULL, '2025-08-27 22:34:00', NULL, NULL),
(796, 27, '2022-1-60-115', 3.65, NULL, '2025-08-27 22:34:00', NULL, NULL),
(797, 27, '2022-1-60-116', 3.67, NULL, '2025-08-27 22:34:00', NULL, NULL),
(798, 27, '2022-1-60-117', 3.45, NULL, '2025-08-27 22:34:00', NULL, NULL),
(799, 27, '2022-1-60-118', 3.24, NULL, '2025-08-27 22:34:00', NULL, NULL),
(800, 27, '2022-1-60-119', 3.12, NULL, '2025-08-27 22:34:00', NULL, NULL),
(801, 27, '2022-1-60-120', 3.45, NULL, '2025-08-27 22:34:00', NULL, NULL),
(802, 27, '2022-1-60-121', 3.67, NULL, '2025-08-27 22:34:00', NULL, NULL),
(803, 27, '2022-1-60-122', 3.89, NULL, '2025-08-27 22:34:00', NULL, NULL),
(804, 27, '2022-1-60-123', 3.94, NULL, '2025-08-27 22:34:00', NULL, NULL),
(805, 27, '2022-1-60-124', 2.93, NULL, '2025-08-27 22:34:00', NULL, NULL),
(806, 27, '2022-1-60-125', 2.97, NULL, '2025-08-27 22:34:00', NULL, NULL),
(807, 27, '2022-1-60-126', 3.78, NULL, '2025-08-27 22:34:00', NULL, NULL),
(808, 27, '2022-1-60-127', 3.66, NULL, '2025-08-27 22:34:00', NULL, NULL),
(809, 27, '2022-1-60-128', 2.99, NULL, '2025-08-27 22:34:00', NULL, NULL),
(810, 27, '2022-1-60-129', 3.55, NULL, '2025-08-27 22:34:00', NULL, NULL),
(811, 28, '2022-1-60-132', 3.98, NULL, '2025-08-27 22:34:00', NULL, NULL),
(812, 28, '2022-1-60-101', 3.07, NULL, '2025-08-27 22:34:00', NULL, NULL),
(813, 28, '2022-1-60-102', 3.78, NULL, '2025-08-27 22:34:00', NULL, NULL),
(814, 28, '2022-1-60-103', 3.45, NULL, '2025-08-27 22:34:00', NULL, NULL),
(815, 28, '2022-1-60-104', 2.56, NULL, '2025-08-27 22:34:00', NULL, NULL),
(816, 28, '2022-1-60-105', 2.78, NULL, '2025-08-27 22:34:00', NULL, NULL),
(817, 28, '2022-1-60-106', 2.56, NULL, '2025-08-27 22:34:00', NULL, NULL),
(818, 28, '2022-1-60-107', 3.40, NULL, '2025-08-27 22:34:00', NULL, NULL),
(819, 28, '2022-1-60-108', 3.76, NULL, '2025-08-27 22:34:00', NULL, NULL),
(820, 28, '2022-1-60-109', 2.67, NULL, '2025-08-27 22:34:00', NULL, NULL),
(821, 28, '2022-1-60-110', 4.00, NULL, '2025-08-27 22:34:00', NULL, NULL),
(822, 28, '2022-1-60-111', 3.56, NULL, '2025-08-27 22:34:00', NULL, NULL),
(823, 28, '2022-1-60-112', 2.85, NULL, '2025-08-27 22:34:00', NULL, NULL),
(824, 28, '2022-1-60-113', 2.75, NULL, '2025-08-27 22:34:00', NULL, NULL),
(825, 28, '2022-1-60-114', 3.89, NULL, '2025-08-27 22:34:00', NULL, NULL),
(826, 28, '2022-1-60-115', 3.65, NULL, '2025-08-27 22:34:00', NULL, NULL),
(827, 28, '2022-1-60-116', 3.67, NULL, '2025-08-27 22:34:00', NULL, NULL),
(828, 28, '2022-1-60-117', 3.45, NULL, '2025-08-27 22:34:00', NULL, NULL),
(829, 28, '2022-1-60-118', 3.24, NULL, '2025-08-27 22:34:00', NULL, NULL),
(830, 28, '2022-1-60-119', 3.12, NULL, '2025-08-27 22:34:00', NULL, NULL),
(831, 28, '2022-1-60-120', 3.45, NULL, '2025-08-27 22:34:00', NULL, NULL),
(832, 28, '2022-1-60-121', 3.67, NULL, '2025-08-27 22:34:00', NULL, NULL),
(833, 28, '2022-1-60-122', 3.89, NULL, '2025-08-27 22:34:00', NULL, NULL),
(834, 28, '2022-1-60-123', 3.94, NULL, '2025-08-27 22:34:00', NULL, NULL),
(835, 28, '2022-1-60-124', 2.93, NULL, '2025-08-27 22:34:00', NULL, NULL),
(836, 28, '2022-1-60-125', 2.97, NULL, '2025-08-27 22:34:00', NULL, NULL),
(837, 28, '2022-1-60-126', 3.78, NULL, '2025-08-27 22:34:00', NULL, NULL),
(838, 28, '2022-1-60-127', 3.66, NULL, '2025-08-27 22:34:00', NULL, NULL),
(839, 28, '2022-1-60-128', 2.99, NULL, '2025-08-27 22:34:00', NULL, NULL),
(840, 28, '2022-1-60-129', 3.55, NULL, '2025-08-27 22:34:00', NULL, NULL),
(841, 29, '2022-1-60-132', 3.98, NULL, '2025-08-27 22:34:00', NULL, NULL),
(842, 29, '2022-1-60-101', 3.07, NULL, '2025-08-27 22:34:00', NULL, NULL),
(843, 29, '2022-1-60-102', 3.78, NULL, '2025-08-27 22:34:00', NULL, NULL),
(844, 29, '2022-1-60-103', 3.45, NULL, '2025-08-27 22:34:00', NULL, NULL),
(845, 29, '2022-1-60-104', 2.56, NULL, '2025-08-27 22:34:00', NULL, NULL),
(846, 29, '2022-1-60-105', 2.78, NULL, '2025-08-27 22:34:00', NULL, NULL),
(847, 29, '2022-1-60-106', 2.56, NULL, '2025-08-27 22:34:00', NULL, NULL),
(848, 29, '2022-1-60-107', 3.40, NULL, '2025-08-27 22:34:00', NULL, NULL),
(849, 29, '2022-1-60-108', 3.76, NULL, '2025-08-27 22:34:00', NULL, NULL),
(850, 29, '2022-1-60-109', 2.67, NULL, '2025-08-27 22:34:00', NULL, NULL),
(851, 29, '2022-1-60-110', 4.00, NULL, '2025-08-27 22:34:00', NULL, NULL),
(852, 29, '2022-1-60-111', 3.56, NULL, '2025-08-27 22:34:00', NULL, NULL),
(853, 29, '2022-1-60-112', 2.85, NULL, '2025-08-27 22:34:00', NULL, NULL),
(854, 29, '2022-1-60-113', 2.75, NULL, '2025-08-27 22:34:00', NULL, NULL),
(855, 29, '2022-1-60-114', 3.89, NULL, '2025-08-27 22:34:00', NULL, NULL),
(856, 29, '2022-1-60-115', 3.65, NULL, '2025-08-27 22:34:00', NULL, NULL),
(857, 29, '2022-1-60-116', 3.67, NULL, '2025-08-27 22:34:00', NULL, NULL),
(858, 29, '2022-1-60-117', 3.45, NULL, '2025-08-27 22:34:00', NULL, NULL),
(859, 29, '2022-1-60-118', 3.24, NULL, '2025-08-27 22:34:00', NULL, NULL),
(860, 29, '2022-1-60-119', 3.12, NULL, '2025-08-27 22:34:00', NULL, NULL),
(861, 29, '2022-1-60-120', 3.45, NULL, '2025-08-27 22:34:00', NULL, NULL),
(862, 29, '2022-1-60-121', 3.67, NULL, '2025-08-27 22:34:00', NULL, NULL),
(863, 29, '2022-1-60-122', 3.89, NULL, '2025-08-27 22:34:00', NULL, NULL),
(864, 29, '2022-1-60-123', 3.94, NULL, '2025-08-27 22:34:00', NULL, NULL),
(865, 29, '2022-1-60-124', 2.93, NULL, '2025-08-27 22:34:00', NULL, NULL),
(866, 29, '2022-1-60-125', 2.97, NULL, '2025-08-27 22:34:00', NULL, NULL),
(867, 29, '2022-1-60-126', 3.78, NULL, '2025-08-27 22:34:00', NULL, NULL),
(868, 29, '2022-1-60-127', 3.66, NULL, '2025-08-27 22:34:00', NULL, NULL),
(869, 29, '2022-1-60-128', 2.99, NULL, '2025-08-27 22:34:00', NULL, NULL),
(870, 29, '2022-1-60-129', 3.55, NULL, '2025-08-27 22:34:00', NULL, NULL),
(871, 30, '2022-1-60-132', 3.98, NULL, '2025-08-27 22:34:00', NULL, NULL),
(872, 30, '2022-1-60-101', 3.07, NULL, '2025-08-27 22:34:00', NULL, NULL),
(873, 30, '2022-1-60-102', 3.78, NULL, '2025-08-27 22:34:00', NULL, NULL),
(874, 30, '2022-1-60-103', 3.45, NULL, '2025-08-27 22:34:00', NULL, NULL),
(875, 30, '2022-1-60-104', 2.56, NULL, '2025-08-27 22:34:00', NULL, NULL),
(876, 30, '2022-1-60-105', 2.78, NULL, '2025-08-27 22:34:00', NULL, NULL),
(877, 30, '2022-1-60-106', 2.56, NULL, '2025-08-27 22:34:00', NULL, NULL),
(878, 30, '2022-1-60-107', 3.40, NULL, '2025-08-27 22:34:00', NULL, NULL),
(879, 30, '2022-1-60-108', 3.76, NULL, '2025-08-27 22:34:00', NULL, NULL),
(880, 30, '2022-1-60-109', 2.67, NULL, '2025-08-27 22:34:00', NULL, NULL),
(881, 30, '2022-1-60-110', 4.00, NULL, '2025-08-27 22:34:00', NULL, NULL),
(882, 30, '2022-1-60-111', 3.56, NULL, '2025-08-27 22:34:00', NULL, NULL),
(883, 30, '2022-1-60-112', 2.85, NULL, '2025-08-27 22:34:00', NULL, NULL),
(884, 30, '2022-1-60-113', 2.75, NULL, '2025-08-27 22:34:00', NULL, NULL),
(885, 30, '2022-1-60-114', 3.89, NULL, '2025-08-27 22:34:00', NULL, NULL),
(886, 30, '2022-1-60-115', 3.65, NULL, '2025-08-27 22:34:00', NULL, NULL),
(887, 30, '2022-1-60-116', 3.67, NULL, '2025-08-27 22:34:00', NULL, NULL),
(888, 30, '2022-1-60-117', 3.45, NULL, '2025-08-27 22:34:00', NULL, NULL),
(889, 30, '2022-1-60-118', 3.24, NULL, '2025-08-27 22:34:00', NULL, NULL),
(890, 30, '2022-1-60-119', 3.12, NULL, '2025-08-27 22:34:00', NULL, NULL),
(891, 30, '2022-1-60-120', 3.45, NULL, '2025-08-27 22:34:00', NULL, NULL),
(892, 30, '2022-1-60-121', 3.67, NULL, '2025-08-27 22:34:00', NULL, NULL),
(893, 30, '2022-1-60-122', 3.89, NULL, '2025-08-27 22:34:00', NULL, NULL),
(894, 30, '2022-1-60-123', 3.94, NULL, '2025-08-27 22:34:00', NULL, NULL),
(895, 30, '2022-1-60-124', 2.93, NULL, '2025-08-27 22:34:00', NULL, NULL),
(896, 30, '2022-1-60-125', 2.97, NULL, '2025-08-27 22:34:00', NULL, NULL),
(897, 30, '2022-1-60-126', 3.78, NULL, '2025-08-27 22:34:00', NULL, NULL),
(898, 30, '2022-1-60-127', 3.66, NULL, '2025-08-27 22:34:00', NULL, NULL),
(899, 30, '2022-1-60-128', 2.99, NULL, '2025-08-27 22:34:00', NULL, NULL),
(900, 30, '2022-1-60-129', 3.55, NULL, '2025-08-27 22:34:00', NULL, NULL),
(901, 31, '2022-1-60-132', 3.98, NULL, '2025-08-27 22:34:00', NULL, NULL),
(902, 31, '2022-1-60-101', 3.07, NULL, '2025-08-27 22:34:00', NULL, NULL),
(903, 31, '2022-1-60-102', 3.78, NULL, '2025-08-27 22:34:00', NULL, NULL),
(904, 31, '2022-1-60-103', 3.45, NULL, '2025-08-27 22:34:00', NULL, NULL),
(905, 31, '2022-1-60-104', 2.56, NULL, '2025-08-27 22:34:00', NULL, NULL),
(906, 31, '2022-1-60-105', 2.78, NULL, '2025-08-27 22:34:00', NULL, NULL),
(907, 31, '2022-1-60-106', 2.56, NULL, '2025-08-27 22:34:00', NULL, NULL),
(908, 31, '2022-1-60-107', 3.40, NULL, '2025-08-27 22:34:00', NULL, NULL),
(909, 31, '2022-1-60-108', 3.76, NULL, '2025-08-27 22:34:00', NULL, NULL),
(910, 31, '2022-1-60-109', 2.67, NULL, '2025-08-27 22:34:00', NULL, NULL),
(911, 31, '2022-1-60-110', 4.00, NULL, '2025-08-27 22:34:00', NULL, NULL),
(912, 31, '2022-1-60-111', 3.56, NULL, '2025-08-27 22:34:00', NULL, NULL),
(913, 31, '2022-1-60-112', 2.85, NULL, '2025-08-27 22:34:00', NULL, NULL),
(914, 31, '2022-1-60-113', 2.75, NULL, '2025-08-27 22:34:00', NULL, NULL),
(915, 31, '2022-1-60-114', 3.89, NULL, '2025-08-27 22:34:00', NULL, NULL),
(916, 31, '2022-1-60-115', 3.65, NULL, '2025-08-27 22:34:00', NULL, NULL),
(917, 31, '2022-1-60-116', 3.67, NULL, '2025-08-27 22:34:00', NULL, NULL),
(918, 31, '2022-1-60-117', 3.45, NULL, '2025-08-27 22:34:00', NULL, NULL),
(919, 31, '2022-1-60-118', 3.24, NULL, '2025-08-27 22:34:00', NULL, NULL),
(920, 31, '2022-1-60-119', 3.12, NULL, '2025-08-27 22:34:00', NULL, NULL),
(921, 31, '2022-1-60-120', 3.45, NULL, '2025-08-27 22:34:00', NULL, NULL),
(922, 31, '2022-1-60-121', 3.67, NULL, '2025-08-27 22:34:00', NULL, NULL),
(923, 31, '2022-1-60-122', 3.89, NULL, '2025-08-27 22:34:00', NULL, NULL),
(924, 31, '2022-1-60-123', 3.94, NULL, '2025-08-27 22:34:00', NULL, NULL),
(925, 31, '2022-1-60-124', 2.93, NULL, '2025-08-27 22:34:00', NULL, NULL),
(926, 31, '2022-1-60-125', 2.97, NULL, '2025-08-27 22:34:00', NULL, NULL),
(927, 31, '2022-1-60-126', 3.78, NULL, '2025-08-27 22:34:00', NULL, NULL),
(928, 31, '2022-1-60-127', 3.66, NULL, '2025-08-27 22:34:00', NULL, NULL),
(929, 31, '2022-1-60-128', 2.99, NULL, '2025-08-27 22:34:00', NULL, NULL),
(930, 31, '2022-1-60-129', 3.55, NULL, '2025-08-27 22:34:00', NULL, NULL),
(931, 32, '2022-1-60-132', 3.98, NULL, '2025-08-27 22:34:00', NULL, NULL),
(932, 32, '2022-1-60-101', 3.07, NULL, '2025-08-27 22:34:00', NULL, NULL),
(933, 32, '2022-1-60-102', 3.78, NULL, '2025-08-27 22:34:00', NULL, NULL),
(934, 32, '2022-1-60-103', 3.45, NULL, '2025-08-27 22:34:00', NULL, NULL),
(935, 32, '2022-1-60-104', 2.56, NULL, '2025-08-27 22:34:00', NULL, NULL),
(936, 32, '2022-1-60-105', 2.78, NULL, '2025-08-27 22:34:00', NULL, NULL),
(937, 32, '2022-1-60-106', 2.56, NULL, '2025-08-27 22:34:00', NULL, NULL),
(938, 32, '2022-1-60-107', 3.40, NULL, '2025-08-27 22:34:00', NULL, NULL),
(939, 32, '2022-1-60-108', 3.76, NULL, '2025-08-27 22:34:00', NULL, NULL),
(940, 32, '2022-1-60-109', 2.67, NULL, '2025-08-27 22:34:00', NULL, NULL),
(941, 32, '2022-1-60-110', 4.00, NULL, '2025-08-27 22:34:00', NULL, NULL),
(942, 32, '2022-1-60-111', 3.56, NULL, '2025-08-27 22:34:00', NULL, NULL),
(943, 32, '2022-1-60-112', 2.85, NULL, '2025-08-27 22:34:00', NULL, NULL),
(944, 32, '2022-1-60-113', 2.75, NULL, '2025-08-27 22:34:00', NULL, NULL),
(945, 32, '2022-1-60-114', 3.89, NULL, '2025-08-27 22:34:00', NULL, NULL),
(946, 32, '2022-1-60-115', 3.65, NULL, '2025-08-27 22:34:00', NULL, NULL),
(947, 32, '2022-1-60-116', 3.67, NULL, '2025-08-27 22:34:00', NULL, NULL),
(948, 32, '2022-1-60-117', 3.45, NULL, '2025-08-27 22:34:00', NULL, NULL),
(949, 32, '2022-1-60-118', 3.24, NULL, '2025-08-27 22:34:00', NULL, NULL),
(950, 32, '2022-1-60-119', 3.12, NULL, '2025-08-27 22:34:00', NULL, NULL),
(951, 32, '2022-1-60-120', 3.45, NULL, '2025-08-27 22:34:00', NULL, NULL),
(952, 32, '2022-1-60-121', 3.67, NULL, '2025-08-27 22:34:00', NULL, NULL),
(953, 32, '2022-1-60-122', 3.89, NULL, '2025-08-27 22:34:00', NULL, NULL),
(954, 32, '2022-1-60-123', 3.94, NULL, '2025-08-27 22:34:00', NULL, NULL),
(955, 32, '2022-1-60-124', 2.93, NULL, '2025-08-27 22:34:00', NULL, NULL),
(956, 32, '2022-1-60-125', 2.97, NULL, '2025-08-27 22:34:00', NULL, NULL),
(957, 32, '2022-1-60-126', 3.78, NULL, '2025-08-27 22:34:00', NULL, NULL),
(958, 32, '2022-1-60-127', 3.66, NULL, '2025-08-27 22:34:00', NULL, NULL),
(959, 32, '2022-1-60-128', 2.99, NULL, '2025-08-27 22:34:00', NULL, NULL),
(960, 32, '2022-1-60-129', 3.55, NULL, '2025-08-27 22:34:00', NULL, NULL),
(961, 33, '2022-1-60-132', 3.98, NULL, '2025-08-27 22:34:00', NULL, NULL),
(962, 33, '2022-1-60-101', 3.07, NULL, '2025-08-27 22:34:00', NULL, NULL),
(963, 33, '2022-1-60-102', 3.78, NULL, '2025-08-27 22:34:00', NULL, NULL),
(964, 33, '2022-1-60-103', 3.45, NULL, '2025-08-27 22:34:00', NULL, NULL),
(965, 33, '2022-1-60-104', 2.56, NULL, '2025-08-27 22:34:00', NULL, NULL),
(966, 33, '2022-1-60-105', 2.78, NULL, '2025-08-27 22:34:00', NULL, NULL),
(967, 33, '2022-1-60-106', 2.56, NULL, '2025-08-27 22:34:00', NULL, NULL),
(968, 33, '2022-1-60-107', 3.40, NULL, '2025-08-27 22:34:00', NULL, NULL),
(969, 33, '2022-1-60-108', 3.76, NULL, '2025-08-27 22:34:00', NULL, NULL),
(970, 33, '2022-1-60-109', 2.67, NULL, '2025-08-27 22:34:00', NULL, NULL),
(971, 33, '2022-1-60-110', 4.00, NULL, '2025-08-27 22:34:00', NULL, NULL),
(972, 33, '2022-1-60-111', 3.56, NULL, '2025-08-27 22:34:00', NULL, NULL),
(973, 33, '2022-1-60-112', 2.85, NULL, '2025-08-27 22:34:00', NULL, NULL),
(974, 33, '2022-1-60-113', 2.75, NULL, '2025-08-27 22:34:00', NULL, NULL),
(975, 33, '2022-1-60-114', 3.89, NULL, '2025-08-27 22:34:00', NULL, NULL),
(976, 33, '2022-1-60-115', 3.65, NULL, '2025-08-27 22:34:00', NULL, NULL),
(977, 33, '2022-1-60-116', 3.67, NULL, '2025-08-27 22:34:00', NULL, NULL),
(978, 33, '2022-1-60-117', 3.45, NULL, '2025-08-27 22:34:00', NULL, NULL),
(979, 33, '2022-1-60-118', 3.24, NULL, '2025-08-27 22:34:00', NULL, NULL),
(980, 33, '2022-1-60-119', 3.12, NULL, '2025-08-27 22:34:00', NULL, NULL),
(981, 33, '2022-1-60-120', 3.45, NULL, '2025-08-27 22:34:00', NULL, NULL),
(982, 33, '2022-1-60-121', 3.67, NULL, '2025-08-27 22:34:00', NULL, NULL),
(983, 33, '2022-1-60-122', 3.89, NULL, '2025-08-27 22:34:00', NULL, NULL),
(984, 33, '2022-1-60-123', 3.94, NULL, '2025-08-27 22:34:00', NULL, NULL),
(985, 33, '2022-1-60-124', 2.93, NULL, '2025-08-27 22:34:00', NULL, NULL),
(986, 33, '2022-1-60-125', 2.97, NULL, '2025-08-27 22:34:00', NULL, NULL),
(987, 33, '2022-1-60-126', 3.78, NULL, '2025-08-27 22:34:00', NULL, NULL),
(988, 33, '2022-1-60-127', 3.66, NULL, '2025-08-27 22:34:00', NULL, NULL),
(989, 33, '2022-1-60-128', 2.99, NULL, '2025-08-27 22:34:00', NULL, NULL),
(990, 33, '2022-1-60-129', 3.55, NULL, '2025-08-27 22:34:00', NULL, NULL),
(991, 34, '2022-1-60-132', 3.98, NULL, '2025-08-27 22:34:00', NULL, NULL),
(992, 34, '2022-1-60-101', 3.07, NULL, '2025-08-27 22:34:00', NULL, NULL),
(993, 34, '2022-1-60-102', 3.78, NULL, '2025-08-27 22:34:00', NULL, NULL),
(994, 34, '2022-1-60-103', 3.45, NULL, '2025-08-27 22:34:00', NULL, NULL),
(995, 34, '2022-1-60-104', 2.56, NULL, '2025-08-27 22:34:00', NULL, NULL),
(996, 34, '2022-1-60-105', 2.78, NULL, '2025-08-27 22:34:00', NULL, NULL),
(997, 34, '2022-1-60-106', 2.56, NULL, '2025-08-27 22:34:00', NULL, NULL),
(998, 34, '2022-1-60-107', 3.40, NULL, '2025-08-27 22:34:00', NULL, NULL),
(999, 34, '2022-1-60-108', 3.76, NULL, '2025-08-27 22:34:00', NULL, NULL),
(1000, 34, '2022-1-60-109', 2.67, NULL, '2025-08-27 22:34:00', NULL, NULL),
(1001, 34, '2022-1-60-110', 4.00, NULL, '2025-08-27 22:34:00', NULL, NULL),
(1002, 34, '2022-1-60-111', 3.56, NULL, '2025-08-27 22:34:00', NULL, NULL),
(1003, 34, '2022-1-60-112', 2.85, NULL, '2025-08-27 22:34:00', NULL, NULL),
(1004, 34, '2022-1-60-113', 2.75, NULL, '2025-08-27 22:34:00', NULL, NULL),
(1005, 34, '2022-1-60-114', 3.89, NULL, '2025-08-27 22:34:00', NULL, NULL),
(1006, 34, '2022-1-60-115', 3.65, NULL, '2025-08-27 22:34:00', NULL, NULL),
(1007, 34, '2022-1-60-116', 3.67, NULL, '2025-08-27 22:34:00', NULL, NULL),
(1008, 34, '2022-1-60-117', 3.45, NULL, '2025-08-27 22:34:00', NULL, NULL),
(1009, 34, '2022-1-60-118', 3.24, NULL, '2025-08-27 22:34:00', NULL, NULL),
(1010, 34, '2022-1-60-119', 3.12, NULL, '2025-08-27 22:34:00', NULL, NULL),
(1011, 34, '2022-1-60-120', 3.45, NULL, '2025-08-27 22:34:00', NULL, NULL),
(1012, 34, '2022-1-60-121', 3.67, NULL, '2025-08-27 22:34:00', NULL, NULL),
(1013, 34, '2022-1-60-122', 3.89, NULL, '2025-08-27 22:34:00', NULL, NULL),
(1014, 34, '2022-1-60-123', 3.94, NULL, '2025-08-27 22:34:00', NULL, NULL),
(1015, 34, '2022-1-60-124', 2.93, NULL, '2025-08-27 22:34:00', NULL, NULL),
(1016, 34, '2022-1-60-125', 2.97, NULL, '2025-08-27 22:34:00', NULL, NULL),
(1017, 34, '2022-1-60-126', 3.78, NULL, '2025-08-27 22:34:00', NULL, NULL),
(1018, 34, '2022-1-60-127', 3.66, NULL, '2025-08-27 22:34:00', NULL, NULL),
(1019, 34, '2022-1-60-128', 2.99, NULL, '2025-08-27 22:34:00', NULL, NULL),
(1020, 34, '2022-1-60-129', 3.55, NULL, '2025-08-27 22:34:00', NULL, NULL),
(1021, 35, '2022-1-60-132', 3.98, NULL, '2025-08-27 22:34:00', NULL, NULL),
(1022, 35, '2022-1-60-101', 3.07, NULL, '2025-08-27 22:34:00', NULL, NULL),
(1023, 35, '2022-1-60-102', 3.78, NULL, '2025-08-27 22:34:00', NULL, NULL),
(1024, 35, '2022-1-60-103', 3.45, NULL, '2025-08-27 22:34:00', NULL, NULL),
(1025, 35, '2022-1-60-104', 2.56, NULL, '2025-08-27 22:34:00', NULL, NULL),
(1026, 35, '2022-1-60-105', 2.78, NULL, '2025-08-27 22:34:00', NULL, NULL),
(1027, 35, '2022-1-60-106', 2.56, NULL, '2025-08-27 22:34:00', NULL, NULL),
(1028, 35, '2022-1-60-107', 3.40, NULL, '2025-08-27 22:34:00', NULL, NULL),
(1029, 35, '2022-1-60-108', 3.76, NULL, '2025-08-27 22:34:00', NULL, NULL),
(1030, 35, '2022-1-60-109', 2.67, NULL, '2025-08-27 22:34:00', NULL, NULL),
(1031, 35, '2022-1-60-110', 4.00, NULL, '2025-08-27 22:34:00', NULL, NULL),
(1032, 35, '2022-1-60-111', 3.56, NULL, '2025-08-27 22:34:00', NULL, NULL),
(1033, 35, '2022-1-60-112', 2.85, NULL, '2025-08-27 22:34:00', NULL, NULL),
(1034, 35, '2022-1-60-113', 2.75, NULL, '2025-08-27 22:34:00', NULL, NULL),
(1035, 35, '2022-1-60-114', 3.89, NULL, '2025-08-27 22:34:00', NULL, NULL),
(1036, 35, '2022-1-60-115', 3.65, NULL, '2025-08-27 22:34:00', NULL, NULL),
(1037, 35, '2022-1-60-116', 3.67, NULL, '2025-08-27 22:34:00', NULL, NULL),
(1038, 35, '2022-1-60-117', 3.45, NULL, '2025-08-27 22:34:00', NULL, NULL),
(1039, 35, '2022-1-60-118', 3.24, NULL, '2025-08-27 22:34:00', NULL, NULL),
(1040, 35, '2022-1-60-119', 3.12, NULL, '2025-08-27 22:34:00', NULL, NULL),
(1041, 35, '2022-1-60-120', 3.45, NULL, '2025-08-27 22:34:00', NULL, NULL),
(1042, 35, '2022-1-60-121', 3.67, NULL, '2025-08-27 22:34:00', NULL, NULL),
(1043, 35, '2022-1-60-122', 3.89, NULL, '2025-08-27 22:34:00', NULL, NULL),
(1044, 35, '2022-1-60-123', 3.94, NULL, '2025-08-27 22:34:00', NULL, NULL),
(1045, 35, '2022-1-60-124', 2.93, NULL, '2025-08-27 22:34:00', NULL, NULL),
(1046, 35, '2022-1-60-125', 2.97, NULL, '2025-08-27 22:34:00', NULL, NULL),
(1047, 35, '2022-1-60-126', 3.78, NULL, '2025-08-27 22:34:00', NULL, NULL),
(1048, 35, '2022-1-60-127', 3.66, NULL, '2025-08-27 22:34:00', NULL, NULL),
(1049, 35, '2022-1-60-128', 2.99, NULL, '2025-08-27 22:34:00', NULL, NULL),
(1050, 35, '2022-1-60-129', 3.55, NULL, '2025-08-27 22:34:00', NULL, NULL),
(1051, 36, '2022-1-60-132', 3.98, NULL, '2025-08-27 22:34:00', NULL, NULL),
(1052, 36, '2022-1-60-101', 3.07, NULL, '2025-08-27 22:34:00', NULL, NULL),
(1053, 36, '2022-1-60-102', 3.78, NULL, '2025-08-27 22:34:00', NULL, NULL),
(1054, 36, '2022-1-60-103', 3.45, NULL, '2025-08-27 22:34:00', NULL, NULL),
(1055, 36, '2022-1-60-104', 2.56, NULL, '2025-08-27 22:34:00', NULL, NULL),
(1056, 36, '2022-1-60-105', 2.78, NULL, '2025-08-27 22:34:00', NULL, NULL),
(1057, 36, '2022-1-60-106', 2.56, NULL, '2025-08-27 22:34:00', NULL, NULL),
(1058, 36, '2022-1-60-107', 3.40, NULL, '2025-08-27 22:34:00', NULL, NULL),
(1059, 36, '2022-1-60-108', 3.76, NULL, '2025-08-27 22:34:00', NULL, NULL),
(1060, 36, '2022-1-60-109', 2.67, NULL, '2025-08-27 22:34:00', NULL, NULL),
(1061, 36, '2022-1-60-110', 4.00, NULL, '2025-08-27 22:34:00', NULL, NULL),
(1062, 36, '2022-1-60-111', 3.56, NULL, '2025-08-27 22:34:00', NULL, NULL),
(1063, 36, '2022-1-60-112', 2.85, NULL, '2025-08-27 22:34:00', NULL, NULL),
(1064, 36, '2022-1-60-113', 2.75, NULL, '2025-08-27 22:34:00', NULL, NULL),
(1065, 36, '2022-1-60-114', 3.89, NULL, '2025-08-27 22:34:00', NULL, NULL),
(1066, 36, '2022-1-60-115', 3.65, NULL, '2025-08-27 22:34:00', NULL, NULL),
(1067, 36, '2022-1-60-116', 3.67, NULL, '2025-08-27 22:34:00', NULL, NULL),
(1068, 36, '2022-1-60-117', 3.45, NULL, '2025-08-27 22:34:00', NULL, NULL),
(1069, 36, '2022-1-60-118', 3.24, NULL, '2025-08-27 22:34:00', NULL, NULL),
(1070, 36, '2022-1-60-119', 3.12, NULL, '2025-08-27 22:34:00', NULL, NULL),
(1071, 36, '2022-1-60-120', 3.45, NULL, '2025-08-27 22:34:00', NULL, NULL),
(1072, 36, '2022-1-60-121', 3.67, NULL, '2025-08-27 22:34:00', NULL, NULL),
(1073, 36, '2022-1-60-122', 3.89, NULL, '2025-08-27 22:34:00', NULL, NULL),
(1074, 36, '2022-1-60-123', 3.94, NULL, '2025-08-27 22:34:00', NULL, NULL),
(1075, 36, '2022-1-60-124', 2.93, NULL, '2025-08-27 22:34:00', NULL, NULL),
(1076, 36, '2022-1-60-125', 2.97, NULL, '2025-08-27 22:34:00', NULL, NULL),
(1077, 36, '2022-1-60-126', 3.78, NULL, '2025-08-27 22:34:00', NULL, NULL),
(1078, 36, '2022-1-60-127', 3.66, NULL, '2025-08-27 22:34:00', NULL, NULL),
(1079, 36, '2022-1-60-128', 2.99, NULL, '2025-08-27 22:34:00', NULL, NULL),
(1080, 36, '2022-1-60-129', 3.55, NULL, '2025-08-27 22:34:00', NULL, NULL),
(1081, 37, '2022-1-60-132', 3.98, NULL, '2025-08-27 22:34:00', NULL, NULL),
(1082, 37, '2022-1-60-101', 3.07, NULL, '2025-08-27 22:34:00', NULL, NULL),
(1083, 37, '2022-1-60-102', 3.78, NULL, '2025-08-27 22:34:00', NULL, NULL),
(1084, 37, '2022-1-60-103', 3.45, NULL, '2025-08-27 22:34:00', NULL, NULL),
(1085, 37, '2022-1-60-104', 2.56, NULL, '2025-08-27 22:34:00', NULL, NULL),
(1086, 37, '2022-1-60-105', 2.78, NULL, '2025-08-27 22:34:00', NULL, NULL),
(1087, 37, '2022-1-60-106', 2.56, NULL, '2025-08-27 22:34:00', NULL, NULL),
(1088, 37, '2022-1-60-107', 3.40, NULL, '2025-08-27 22:34:00', NULL, NULL),
(1089, 37, '2022-1-60-108', 3.76, NULL, '2025-08-27 22:34:00', NULL, NULL),
(1090, 37, '2022-1-60-109', 2.67, NULL, '2025-08-27 22:34:00', NULL, NULL),
(1091, 37, '2022-1-60-110', 4.00, NULL, '2025-08-27 22:34:00', NULL, NULL),
(1092, 37, '2022-1-60-111', 3.56, NULL, '2025-08-27 22:34:00', NULL, NULL),
(1093, 37, '2022-1-60-112', 2.85, NULL, '2025-08-27 22:34:00', NULL, NULL),
(1094, 37, '2022-1-60-113', 2.75, NULL, '2025-08-27 22:34:00', NULL, NULL),
(1095, 37, '2022-1-60-114', 3.89, NULL, '2025-08-27 22:34:00', NULL, NULL),
(1096, 37, '2022-1-60-115', 3.65, NULL, '2025-08-27 22:34:00', NULL, NULL),
(1097, 37, '2022-1-60-116', 3.67, NULL, '2025-08-27 22:34:00', NULL, NULL),
(1098, 37, '2022-1-60-117', 3.45, NULL, '2025-08-27 22:34:00', NULL, NULL),
(1099, 37, '2022-1-60-118', 3.24, NULL, '2025-08-27 22:34:00', NULL, NULL),
(1100, 37, '2022-1-60-119', 3.12, NULL, '2025-08-27 22:34:00', NULL, NULL),
(1101, 37, '2022-1-60-120', 3.45, NULL, '2025-08-27 22:34:00', NULL, NULL),
(1102, 37, '2022-1-60-121', 3.67, NULL, '2025-08-27 22:34:00', NULL, NULL),
(1103, 37, '2022-1-60-122', 3.89, NULL, '2025-08-27 22:34:00', NULL, NULL),
(1104, 37, '2022-1-60-123', 3.94, NULL, '2025-08-27 22:34:00', NULL, NULL),
(1105, 37, '2022-1-60-124', 2.93, NULL, '2025-08-27 22:34:00', NULL, NULL),
(1106, 37, '2022-1-60-125', 2.97, NULL, '2025-08-27 22:34:00', NULL, NULL),
(1107, 37, '2022-1-60-126', 3.78, NULL, '2025-08-27 22:34:00', NULL, NULL),
(1108, 37, '2022-1-60-127', 3.66, NULL, '2025-08-27 22:34:00', NULL, NULL),
(1109, 37, '2022-1-60-128', 2.99, NULL, '2025-08-27 22:34:00', NULL, NULL),
(1110, 37, '2022-1-60-129', 3.55, NULL, '2025-08-27 22:34:00', NULL, NULL),
(1111, 38, '2022-1-60-132', 3.98, NULL, '2025-08-27 22:34:00', NULL, NULL),
(1112, 38, '2022-1-60-101', 3.07, NULL, '2025-08-27 22:34:00', NULL, NULL),
(1113, 38, '2022-1-60-102', 3.78, NULL, '2025-08-27 22:34:00', NULL, NULL),
(1114, 38, '2022-1-60-103', 3.45, NULL, '2025-08-27 22:34:00', NULL, NULL),
(1115, 38, '2022-1-60-104', 2.56, NULL, '2025-08-27 22:34:00', NULL, NULL),
(1116, 38, '2022-1-60-105', 2.78, NULL, '2025-08-27 22:34:00', NULL, NULL),
(1117, 38, '2022-1-60-106', 2.56, NULL, '2025-08-27 22:34:00', NULL, NULL),
(1118, 38, '2022-1-60-107', 3.40, NULL, '2025-08-27 22:34:00', NULL, NULL),
(1119, 38, '2022-1-60-108', 3.76, NULL, '2025-08-27 22:34:00', NULL, NULL),
(1120, 38, '2022-1-60-109', 2.67, NULL, '2025-08-27 22:34:00', NULL, NULL),
(1121, 38, '2022-1-60-110', 4.00, NULL, '2025-08-27 22:34:00', NULL, NULL),
(1122, 38, '2022-1-60-111', 3.56, NULL, '2025-08-27 22:34:00', NULL, NULL),
(1123, 38, '2022-1-60-112', 2.85, NULL, '2025-08-27 22:34:00', NULL, NULL),
(1124, 38, '2022-1-60-113', 2.75, NULL, '2025-08-27 22:34:00', NULL, NULL),
(1125, 38, '2022-1-60-114', 3.89, NULL, '2025-08-27 22:34:00', NULL, NULL),
(1126, 38, '2022-1-60-115', 3.65, NULL, '2025-08-27 22:34:00', NULL, NULL),
(1127, 38, '2022-1-60-116', 3.67, NULL, '2025-08-27 22:34:00', NULL, NULL),
(1128, 38, '2022-1-60-117', 3.45, NULL, '2025-08-27 22:34:00', NULL, NULL),
(1129, 38, '2022-1-60-118', 3.24, NULL, '2025-08-27 22:34:00', NULL, NULL),
(1130, 38, '2022-1-60-119', 3.12, NULL, '2025-08-27 22:34:00', NULL, NULL),
(1131, 38, '2022-1-60-120', 3.45, NULL, '2025-08-27 22:34:00', NULL, NULL),
(1132, 38, '2022-1-60-121', 3.67, NULL, '2025-08-27 22:34:00', NULL, NULL),
(1133, 38, '2022-1-60-122', 3.89, NULL, '2025-08-27 22:34:00', NULL, NULL),
(1134, 38, '2022-1-60-123', 3.94, NULL, '2025-08-27 22:34:00', NULL, NULL),
(1135, 38, '2022-1-60-124', 2.93, NULL, '2025-08-27 22:34:00', NULL, NULL),
(1136, 38, '2022-1-60-125', 2.97, NULL, '2025-08-27 22:34:00', NULL, NULL),
(1137, 38, '2022-1-60-126', 3.78, NULL, '2025-08-27 22:34:00', NULL, NULL),
(1138, 38, '2022-1-60-127', 3.66, NULL, '2025-08-27 22:34:00', NULL, NULL),
(1139, 38, '2022-1-60-128', 2.99, NULL, '2025-08-27 22:34:00', NULL, NULL),
(1140, 38, '2022-1-60-129', 3.55, NULL, '2025-08-27 22:34:00', NULL, NULL),
(1141, 39, '2022-1-60-132', 3.98, NULL, '2025-08-27 22:34:00', NULL, NULL),
(1142, 39, '2022-1-60-101', 3.07, NULL, '2025-08-27 22:34:00', NULL, NULL),
(1143, 39, '2022-1-60-102', 3.78, NULL, '2025-08-27 22:34:00', NULL, NULL),
(1144, 39, '2022-1-60-103', 3.45, NULL, '2025-08-27 22:34:00', NULL, NULL),
(1145, 39, '2022-1-60-104', 2.56, NULL, '2025-08-27 22:34:00', NULL, NULL),
(1146, 39, '2022-1-60-105', 2.78, NULL, '2025-08-27 22:34:00', NULL, NULL),
(1147, 39, '2022-1-60-106', 2.56, NULL, '2025-08-27 22:34:00', NULL, NULL),
(1148, 39, '2022-1-60-107', 3.40, NULL, '2025-08-27 22:34:00', NULL, NULL),
(1149, 39, '2022-1-60-108', 3.76, NULL, '2025-08-27 22:34:00', NULL, NULL),
(1150, 39, '2022-1-60-109', 2.67, NULL, '2025-08-27 22:34:00', NULL, NULL),
(1151, 39, '2022-1-60-110', 4.00, NULL, '2025-08-27 22:34:00', NULL, NULL),
(1152, 39, '2022-1-60-111', 3.56, NULL, '2025-08-27 22:34:00', NULL, NULL),
(1153, 39, '2022-1-60-112', 2.85, NULL, '2025-08-27 22:34:00', NULL, NULL),
(1154, 39, '2022-1-60-113', 2.75, NULL, '2025-08-27 22:34:00', NULL, NULL),
(1155, 39, '2022-1-60-114', 3.89, NULL, '2025-08-27 22:34:00', NULL, NULL),
(1156, 39, '2022-1-60-115', 3.65, NULL, '2025-08-27 22:34:00', NULL, NULL),
(1157, 39, '2022-1-60-116', 3.67, NULL, '2025-08-27 22:34:00', NULL, NULL),
(1158, 39, '2022-1-60-117', 3.45, NULL, '2025-08-27 22:34:00', NULL, NULL),
(1159, 39, '2022-1-60-118', 3.24, NULL, '2025-08-27 22:34:00', NULL, NULL),
(1160, 39, '2022-1-60-119', 3.12, NULL, '2025-08-27 22:34:00', NULL, NULL),
(1161, 39, '2022-1-60-120', 3.45, NULL, '2025-08-27 22:34:00', NULL, NULL),
(1162, 39, '2022-1-60-121', 3.67, NULL, '2025-08-27 22:34:00', NULL, NULL),
(1163, 39, '2022-1-60-122', 3.89, NULL, '2025-08-27 22:34:00', NULL, NULL),
(1164, 39, '2022-1-60-123', 3.94, NULL, '2025-08-27 22:34:00', NULL, NULL),
(1165, 39, '2022-1-60-124', 2.93, NULL, '2025-08-27 22:34:00', NULL, NULL),
(1166, 39, '2022-1-60-125', 2.97, NULL, '2025-08-27 22:34:00', NULL, NULL),
(1167, 39, '2022-1-60-126', 3.78, NULL, '2025-08-27 22:34:00', NULL, NULL),
(1168, 39, '2022-1-60-127', 3.66, NULL, '2025-08-27 22:34:00', NULL, NULL),
(1169, 39, '2022-1-60-128', 2.99, NULL, '2025-08-27 22:34:00', NULL, NULL),
(1170, 39, '2022-1-60-129', 3.55, NULL, '2025-08-27 22:34:00', NULL, NULL),
(1171, 40, '2022-1-60-132', 3.98, NULL, '2025-08-27 22:34:00', NULL, NULL),
(1172, 40, '2022-1-60-101', 3.07, NULL, '2025-08-27 22:34:00', NULL, NULL),
(1173, 40, '2022-1-60-102', 3.78, NULL, '2025-08-27 22:34:00', NULL, NULL),
(1174, 40, '2022-1-60-103', 3.45, NULL, '2025-08-27 22:34:00', NULL, NULL),
(1175, 40, '2022-1-60-104', 2.56, NULL, '2025-08-27 22:34:00', NULL, NULL),
(1176, 40, '2022-1-60-105', 2.78, NULL, '2025-08-27 22:34:00', NULL, NULL),
(1177, 40, '2022-1-60-106', 2.56, NULL, '2025-08-27 22:34:00', NULL, NULL),
(1178, 40, '2022-1-60-107', 3.40, NULL, '2025-08-27 22:34:00', NULL, NULL),
(1179, 40, '2022-1-60-108', 3.76, NULL, '2025-08-27 22:34:00', NULL, NULL),
(1180, 40, '2022-1-60-109', 2.67, NULL, '2025-08-27 22:34:00', NULL, NULL),
(1181, 40, '2022-1-60-110', 4.00, NULL, '2025-08-27 22:34:00', NULL, NULL),
(1182, 40, '2022-1-60-111', 3.56, NULL, '2025-08-27 22:34:00', NULL, NULL),
(1183, 40, '2022-1-60-112', 2.85, NULL, '2025-08-27 22:34:00', NULL, NULL),
(1184, 40, '2022-1-60-113', 2.75, NULL, '2025-08-27 22:34:00', NULL, NULL),
(1185, 40, '2022-1-60-114', 3.89, NULL, '2025-08-27 22:34:00', NULL, NULL),
(1186, 40, '2022-1-60-115', 3.65, NULL, '2025-08-27 22:34:00', NULL, NULL),
(1187, 40, '2022-1-60-116', 3.67, NULL, '2025-08-27 22:34:00', NULL, NULL),
(1188, 40, '2022-1-60-117', 3.45, NULL, '2025-08-27 22:34:00', NULL, NULL),
(1189, 40, '2022-1-60-118', 3.24, NULL, '2025-08-27 22:34:00', NULL, NULL),
(1190, 40, '2022-1-60-119', 3.12, NULL, '2025-08-27 22:34:00', NULL, NULL),
(1191, 40, '2022-1-60-120', 3.45, NULL, '2025-08-27 22:34:00', NULL, NULL),
(1192, 40, '2022-1-60-121', 3.67, NULL, '2025-08-27 22:34:00', NULL, NULL),
(1193, 40, '2022-1-60-122', 3.89, NULL, '2025-08-27 22:34:00', NULL, NULL),
(1194, 40, '2022-1-60-123', 3.94, NULL, '2025-08-27 22:34:00', NULL, NULL),
(1195, 40, '2022-1-60-124', 2.93, NULL, '2025-08-27 22:34:00', NULL, NULL),
(1196, 40, '2022-1-60-125', 2.97, NULL, '2025-08-27 22:34:00', NULL, NULL),
(1197, 40, '2022-1-60-126', 3.78, NULL, '2025-08-27 22:34:00', NULL, NULL),
(1198, 40, '2022-1-60-127', 3.66, NULL, '2025-08-27 22:34:00', NULL, NULL),
(1199, 40, '2022-1-60-128', 2.99, NULL, '2025-08-27 22:34:00', NULL, NULL),
(1200, 40, '2022-1-60-129', 3.55, NULL, '2025-08-27 22:34:00', NULL, NULL),
(1201, 41, '2022-1-60-132', 3.98, NULL, '2025-08-27 22:34:00', NULL, NULL),
(1202, 41, '2022-1-60-101', 3.07, NULL, '2025-08-27 22:34:00', NULL, NULL),
(1203, 41, '2022-1-60-102', 3.78, NULL, '2025-08-27 22:34:00', NULL, NULL),
(1204, 41, '2022-1-60-103', 3.45, NULL, '2025-08-27 22:34:00', NULL, NULL),
(1205, 41, '2022-1-60-104', 2.56, NULL, '2025-08-27 22:34:00', NULL, NULL),
(1206, 41, '2022-1-60-105', 2.78, NULL, '2025-08-27 22:34:00', NULL, NULL),
(1207, 41, '2022-1-60-106', 2.56, NULL, '2025-08-27 22:34:00', NULL, NULL),
(1208, 41, '2022-1-60-107', 3.40, NULL, '2025-08-27 22:34:00', NULL, NULL),
(1209, 41, '2022-1-60-108', 3.76, NULL, '2025-08-27 22:34:00', NULL, NULL),
(1210, 41, '2022-1-60-109', 2.67, NULL, '2025-08-27 22:34:00', NULL, NULL),
(1211, 41, '2022-1-60-110', 4.00, NULL, '2025-08-27 22:34:00', NULL, NULL),
(1212, 41, '2022-1-60-111', 3.56, NULL, '2025-08-27 22:34:00', NULL, NULL),
(1213, 41, '2022-1-60-112', 2.85, NULL, '2025-08-27 22:34:00', NULL, NULL),
(1214, 41, '2022-1-60-113', 2.75, NULL, '2025-08-27 22:34:00', NULL, NULL),
(1215, 41, '2022-1-60-114', 3.89, NULL, '2025-08-27 22:34:00', NULL, NULL),
(1216, 41, '2022-1-60-115', 3.65, NULL, '2025-08-27 22:34:00', NULL, NULL),
(1217, 41, '2022-1-60-116', 3.67, NULL, '2025-08-27 22:34:00', NULL, NULL),
(1218, 41, '2022-1-60-117', 3.45, NULL, '2025-08-27 22:34:00', NULL, NULL),
(1219, 41, '2022-1-60-118', 3.24, NULL, '2025-08-27 22:34:00', NULL, NULL),
(1220, 41, '2022-1-60-119', 3.12, NULL, '2025-08-27 22:34:00', NULL, NULL),
(1221, 41, '2022-1-60-120', 3.45, NULL, '2025-08-27 22:34:00', NULL, NULL),
(1222, 41, '2022-1-60-121', 3.67, NULL, '2025-08-27 22:34:00', NULL, NULL),
(1223, 41, '2022-1-60-122', 3.89, NULL, '2025-08-27 22:34:00', NULL, NULL),
(1224, 41, '2022-1-60-123', 3.94, NULL, '2025-08-27 22:34:00', NULL, NULL),
(1225, 41, '2022-1-60-124', 2.93, NULL, '2025-08-27 22:34:00', NULL, NULL),
(1226, 41, '2022-1-60-125', 2.97, NULL, '2025-08-27 22:34:00', NULL, NULL),
(1227, 41, '2022-1-60-126', 3.78, NULL, '2025-08-27 22:34:00', NULL, NULL),
(1228, 41, '2022-1-60-127', 3.66, NULL, '2025-08-27 22:34:00', NULL, NULL),
(1229, 41, '2022-1-60-128', 2.99, NULL, '2025-08-27 22:34:00', NULL, NULL),
(1230, 41, '2022-1-60-129', 3.55, NULL, '2025-08-27 22:34:00', NULL, NULL),
(1231, 42, '2022-1-60-132', 3.98, NULL, '2025-08-27 22:34:00', NULL, NULL),
(1232, 42, '2022-1-60-101', 3.07, NULL, '2025-08-27 22:34:00', NULL, NULL),
(1233, 42, '2022-1-60-102', 3.78, NULL, '2025-08-27 22:34:00', NULL, NULL),
(1234, 42, '2022-1-60-103', 3.45, NULL, '2025-08-27 22:34:00', NULL, NULL),
(1235, 42, '2022-1-60-104', 2.56, NULL, '2025-08-27 22:34:00', NULL, NULL),
(1236, 42, '2022-1-60-105', 2.78, NULL, '2025-08-27 22:34:00', NULL, NULL),
(1237, 42, '2022-1-60-106', 2.56, NULL, '2025-08-27 22:34:00', NULL, NULL),
(1238, 42, '2022-1-60-107', 3.40, NULL, '2025-08-27 22:34:00', NULL, NULL),
(1239, 42, '2022-1-60-108', 3.76, NULL, '2025-08-27 22:34:00', NULL, NULL),
(1240, 42, '2022-1-60-109', 2.67, NULL, '2025-08-27 22:34:00', NULL, NULL),
(1241, 42, '2022-1-60-110', 4.00, NULL, '2025-08-27 22:34:00', NULL, NULL),
(1242, 42, '2022-1-60-111', 3.56, NULL, '2025-08-27 22:34:00', NULL, NULL),
(1243, 42, '2022-1-60-112', 2.85, NULL, '2025-08-27 22:34:00', NULL, NULL),
(1244, 42, '2022-1-60-113', 2.75, NULL, '2025-08-27 22:34:00', NULL, NULL),
(1245, 42, '2022-1-60-114', 3.89, NULL, '2025-08-27 22:34:00', NULL, NULL),
(1246, 42, '2022-1-60-115', 3.65, NULL, '2025-08-27 22:34:00', NULL, NULL),
(1247, 42, '2022-1-60-116', 3.67, NULL, '2025-08-27 22:34:00', NULL, NULL),
(1248, 42, '2022-1-60-117', 3.45, NULL, '2025-08-27 22:34:00', NULL, NULL),
(1249, 42, '2022-1-60-118', 3.24, NULL, '2025-08-27 22:34:00', NULL, NULL),
(1250, 42, '2022-1-60-119', 3.12, NULL, '2025-08-27 22:34:00', NULL, NULL),
(1251, 42, '2022-1-60-120', 3.45, NULL, '2025-08-27 22:34:00', NULL, NULL),
(1252, 42, '2022-1-60-121', 3.67, NULL, '2025-08-27 22:34:00', NULL, NULL),
(1253, 42, '2022-1-60-122', 3.89, NULL, '2025-08-27 22:34:00', NULL, NULL),
(1254, 42, '2022-1-60-123', 3.94, NULL, '2025-08-27 22:34:00', NULL, NULL),
(1255, 42, '2022-1-60-124', 2.93, NULL, '2025-08-27 22:34:00', NULL, NULL),
(1256, 42, '2022-1-60-125', 2.97, NULL, '2025-08-27 22:34:00', NULL, NULL),
(1257, 42, '2022-1-60-126', 3.78, NULL, '2025-08-27 22:34:00', NULL, NULL),
(1258, 42, '2022-1-60-127', 3.66, NULL, '2025-08-27 22:34:00', NULL, NULL),
(1259, 42, '2022-1-60-128', 2.99, NULL, '2025-08-27 22:34:00', NULL, NULL),
(1260, 42, '2022-1-60-129', 3.55, NULL, '2025-08-27 22:34:00', NULL, NULL),
(1261, 59, '2022-1-60-101', 3.07, NULL, '2025-08-27 22:39:02', NULL, NULL),
(1262, 59, '2022-1-60-102', 3.78, NULL, '2025-08-27 22:39:02', NULL, NULL),
(1263, 59, '2022-1-60-103', 3.45, NULL, '2025-08-27 22:39:02', NULL, NULL),
(1264, 59, '2022-1-60-104', 2.56, NULL, '2025-08-27 22:39:02', NULL, NULL),
(1265, 59, '2022-1-60-105', 2.78, NULL, '2025-08-27 22:39:02', NULL, NULL),
(1266, 59, '2022-1-60-106', 2.56, NULL, '2025-08-27 22:39:02', NULL, NULL),
(1267, 59, '2022-1-60-107', 3.40, NULL, '2025-08-27 22:39:02', NULL, NULL),
(1268, 59, '2022-1-60-108', 3.76, NULL, '2025-08-27 22:39:02', NULL, NULL),
(1269, 59, '2022-1-60-109', 2.67, NULL, '2025-08-27 22:39:02', NULL, NULL),
(1270, 59, '2022-1-60-110', 4.00, NULL, '2025-08-27 22:39:02', NULL, NULL),
(1271, 59, '2022-1-60-111', 3.56, NULL, '2025-08-27 22:39:02', NULL, NULL),
(1272, 59, '2022-1-60-112', 2.85, NULL, '2025-08-27 22:39:02', NULL, NULL),
(1273, 59, '2022-1-60-113', 2.75, NULL, '2025-08-27 22:39:02', NULL, NULL),
(1274, 59, '2022-1-60-114', 3.89, NULL, '2025-08-27 22:39:02', NULL, NULL),
(1275, 59, '2022-1-60-115', 3.65, NULL, '2025-08-27 22:39:02', NULL, NULL),
(1276, 59, '2022-1-60-116', 3.67, NULL, '2025-08-27 22:39:02', NULL, NULL),
(1277, 59, '2022-1-60-117', 3.45, NULL, '2025-08-27 22:39:02', NULL, NULL),
(1278, 59, '2022-1-60-118', 3.24, NULL, '2025-08-27 22:39:02', NULL, NULL),
(1279, 59, '2022-1-60-119', 3.12, NULL, '2025-08-27 22:39:02', NULL, NULL),
(1280, 59, '2022-1-60-120', 3.45, NULL, '2025-08-27 22:39:02', NULL, NULL),
(1281, 59, '2022-1-60-121', 3.67, NULL, '2025-08-27 22:39:02', NULL, NULL),
(1282, 59, '2022-1-60-122', 3.89, NULL, '2025-08-27 22:39:02', NULL, NULL),
(1283, 59, '2022-1-60-123', 3.94, NULL, '2025-08-27 22:39:02', NULL, NULL),
(1284, 59, '2022-1-60-124', 2.93, NULL, '2025-08-27 22:39:02', NULL, NULL),
(1285, 59, '2022-1-60-125', 2.97, NULL, '2025-08-27 22:39:02', NULL, NULL),
(1286, 59, '2022-1-60-126', 3.78, NULL, '2025-08-27 22:39:02', NULL, NULL),
(1287, 59, '2022-1-60-127', 3.66, NULL, '2025-08-27 22:39:02', NULL, NULL),
(1288, 59, '2022-1-60-128', 2.99, NULL, '2025-08-27 22:39:02', NULL, NULL),
(1289, 59, '2022-1-60-129', 3.55, NULL, '2025-08-27 22:39:02', NULL, NULL),
(1290, 59, '2022-1-60-132', 3.99, NULL, '2025-08-27 22:39:02', NULL, NULL),
(1291, 60, '2022-1-60-101', 3.07, NULL, '2025-08-27 22:39:27', NULL, NULL),
(1292, 60, '2022-1-60-102', 3.78, NULL, '2025-08-27 22:39:27', NULL, NULL),
(1293, 60, '2022-1-60-103', 3.45, NULL, '2025-08-27 22:39:27', NULL, NULL),
(1294, 60, '2022-1-60-104', 2.56, NULL, '2025-08-27 22:39:27', NULL, NULL),
(1295, 60, '2022-1-60-105', 2.78, NULL, '2025-08-27 22:39:27', NULL, NULL),
(1296, 60, '2022-1-60-106', 2.56, NULL, '2025-08-27 22:39:27', NULL, NULL),
(1297, 60, '2022-1-60-107', 3.40, NULL, '2025-08-27 22:39:27', NULL, NULL),
(1298, 60, '2022-1-60-108', 3.76, NULL, '2025-08-27 22:39:27', NULL, NULL),
(1299, 60, '2022-1-60-109', 2.67, NULL, '2025-08-27 22:39:27', NULL, NULL),
(1300, 60, '2022-1-60-110', 4.00, NULL, '2025-08-27 22:39:27', NULL, NULL),
(1301, 60, '2022-1-60-111', 3.56, NULL, '2025-08-27 22:39:27', NULL, NULL),
(1302, 60, '2022-1-60-112', 2.85, NULL, '2025-08-27 22:39:27', NULL, NULL),
(1303, 60, '2022-1-60-113', 2.75, NULL, '2025-08-27 22:39:27', NULL, NULL),
(1304, 60, '2022-1-60-114', 3.89, NULL, '2025-08-27 22:39:27', NULL, NULL),
(1305, 60, '2022-1-60-115', 3.65, NULL, '2025-08-27 22:39:27', NULL, NULL),
(1306, 60, '2022-1-60-116', 3.67, NULL, '2025-08-27 22:39:27', NULL, NULL),
(1307, 60, '2022-1-60-117', 3.45, NULL, '2025-08-27 22:39:27', NULL, NULL),
(1308, 60, '2022-1-60-118', 3.24, NULL, '2025-08-27 22:39:27', NULL, NULL),
(1309, 60, '2022-1-60-119', 3.12, NULL, '2025-08-27 22:39:27', NULL, NULL),
(1310, 60, '2022-1-60-120', 3.45, NULL, '2025-08-27 22:39:27', NULL, NULL),
(1311, 60, '2022-1-60-121', 3.67, NULL, '2025-08-27 22:39:27', NULL, NULL),
(1312, 60, '2022-1-60-122', 3.89, NULL, '2025-08-27 22:39:27', NULL, NULL),
(1313, 60, '2022-1-60-123', 3.94, NULL, '2025-08-27 22:39:27', NULL, NULL),
(1314, 60, '2022-1-60-124', 2.93, NULL, '2025-08-27 22:39:27', NULL, NULL),
(1315, 60, '2022-1-60-125', 2.97, NULL, '2025-08-27 22:39:27', NULL, NULL),
(1316, 60, '2022-1-60-126', 3.78, NULL, '2025-08-27 22:39:27', NULL, NULL),
(1317, 60, '2022-1-60-127', 3.66, NULL, '2025-08-27 22:39:27', NULL, NULL),
(1318, 60, '2022-1-60-128', 2.99, NULL, '2025-08-27 22:39:27', NULL, NULL),
(1319, 60, '2022-1-60-129', 3.55, NULL, '2025-08-27 22:39:27', NULL, NULL),
(1320, 60, '2022-1-60-132', 3.99, NULL, '2025-08-27 22:39:27', NULL, NULL),
(1321, 61, '2022-1-60-101', 3.07, NULL, '2025-08-27 22:58:56', NULL, NULL),
(1322, 61, '2022-1-60-102', 3.78, NULL, '2025-08-27 22:58:56', NULL, NULL),
(1323, 61, '2022-1-60-103', 3.45, NULL, '2025-08-27 22:58:56', NULL, NULL),
(1324, 61, '2022-1-60-104', 2.56, NULL, '2025-08-27 22:58:56', NULL, NULL),
(1325, 61, '2022-1-60-105', 2.78, NULL, '2025-08-27 22:58:56', NULL, NULL),
(1326, 61, '2022-1-60-106', 2.56, NULL, '2025-08-27 22:58:56', NULL, NULL),
(1327, 61, '2022-1-60-107', 3.40, NULL, '2025-08-27 22:58:56', NULL, NULL),
(1328, 61, '2022-1-60-108', 3.76, NULL, '2025-08-27 22:58:56', NULL, NULL),
(1329, 61, '2022-1-60-109', 2.67, NULL, '2025-08-27 22:58:56', NULL, NULL),
(1330, 61, '2022-1-60-110', 4.00, NULL, '2025-08-27 22:58:56', NULL, NULL),
(1331, 61, '2022-1-60-111', 3.56, NULL, '2025-08-27 22:58:56', NULL, NULL),
(1332, 61, '2022-1-60-112', 2.85, NULL, '2025-08-27 22:58:56', NULL, NULL),
(1333, 61, '2022-1-60-113', 2.75, NULL, '2025-08-27 22:58:56', NULL, NULL),
(1334, 61, '2022-1-60-114', 3.89, NULL, '2025-08-27 22:58:56', NULL, NULL),
(1335, 61, '2022-1-60-115', 3.65, NULL, '2025-08-27 22:58:56', NULL, NULL),
(1336, 61, '2022-1-60-116', 3.67, NULL, '2025-08-27 22:58:56', NULL, NULL),
(1337, 61, '2022-1-60-117', 3.45, NULL, '2025-08-27 22:58:56', NULL, NULL),
(1338, 61, '2022-1-60-118', 3.24, NULL, '2025-08-27 22:58:56', NULL, NULL),
(1339, 61, '2022-1-60-119', 3.12, NULL, '2025-08-27 22:58:56', NULL, NULL),
(1340, 61, '2022-1-60-120', 3.45, NULL, '2025-08-27 22:58:56', NULL, NULL),
(1341, 61, '2022-1-60-121', 3.67, NULL, '2025-08-27 22:58:56', NULL, NULL),
(1342, 61, '2022-1-60-122', 3.89, NULL, '2025-08-27 22:58:56', NULL, NULL),
(1343, 61, '2022-1-60-123', 3.94, NULL, '2025-08-27 22:58:56', NULL, NULL),
(1344, 61, '2022-1-60-124', 2.93, NULL, '2025-08-27 22:58:56', NULL, NULL),
(1345, 61, '2022-1-60-125', 2.97, NULL, '2025-08-27 22:58:56', NULL, NULL),
(1346, 61, '2022-1-60-126', 3.78, NULL, '2025-08-27 22:58:56', NULL, NULL),
(1347, 61, '2022-1-60-127', 3.66, NULL, '2025-08-27 22:58:56', NULL, NULL),
(1348, 61, '2022-1-60-128', 2.99, NULL, '2025-08-27 22:58:56', NULL, NULL),
(1349, 61, '2022-1-60-129', 3.55, NULL, '2025-08-27 22:58:56', NULL, NULL),
(1350, 61, '2022-1-60-132', 3.99, NULL, '2025-08-27 22:58:56', NULL, NULL),
(1351, 62, '2022-1-60-101', 3.07, NULL, '2025-08-27 22:59:28', NULL, NULL),
(1352, 62, '2022-1-60-102', 3.78, NULL, '2025-08-27 22:59:28', NULL, NULL),
(1353, 62, '2022-1-60-103', 3.45, NULL, '2025-08-27 22:59:28', NULL, NULL),
(1354, 62, '2022-1-60-104', 2.56, NULL, '2025-08-27 22:59:28', NULL, NULL),
(1355, 62, '2022-1-60-105', 2.78, NULL, '2025-08-27 22:59:28', NULL, NULL),
(1356, 62, '2022-1-60-106', 2.56, NULL, '2025-08-27 22:59:28', NULL, NULL),
(1357, 62, '2022-1-60-107', 3.40, NULL, '2025-08-27 22:59:28', NULL, NULL),
(1358, 62, '2022-1-60-108', 3.76, NULL, '2025-08-27 22:59:28', NULL, NULL),
(1359, 62, '2022-1-60-109', 2.67, NULL, '2025-08-27 22:59:28', NULL, NULL),
(1360, 62, '2022-1-60-110', 4.00, NULL, '2025-08-27 22:59:28', NULL, NULL),
(1361, 62, '2022-1-60-111', 3.56, NULL, '2025-08-27 22:59:28', NULL, NULL),
(1362, 62, '2022-1-60-112', 2.85, NULL, '2025-08-27 22:59:28', NULL, NULL),
(1363, 62, '2022-1-60-113', 2.75, NULL, '2025-08-27 22:59:28', NULL, NULL),
(1364, 62, '2022-1-60-114', 3.89, NULL, '2025-08-27 22:59:28', NULL, NULL),
(1365, 62, '2022-1-60-115', 3.65, NULL, '2025-08-27 22:59:28', NULL, NULL);
INSERT INTO `course_enrollments` (`id`, `course_id`, `student_university_id`, `student_cgpa`, `user_id`, `created_at`, `updated_at`, `group_id`) VALUES
(1366, 62, '2022-1-60-116', 3.67, NULL, '2025-08-27 22:59:28', NULL, NULL),
(1367, 62, '2022-1-60-117', 3.45, NULL, '2025-08-27 22:59:28', NULL, NULL),
(1368, 62, '2022-1-60-118', 3.24, NULL, '2025-08-27 22:59:28', NULL, NULL),
(1369, 62, '2022-1-60-119', 3.12, NULL, '2025-08-27 22:59:28', NULL, NULL),
(1370, 62, '2022-1-60-120', 3.45, NULL, '2025-08-27 22:59:28', NULL, NULL),
(1371, 62, '2022-1-60-121', 3.67, NULL, '2025-08-27 22:59:28', NULL, NULL),
(1372, 62, '2022-1-60-122', 3.89, NULL, '2025-08-27 22:59:28', NULL, NULL),
(1373, 62, '2022-1-60-123', 3.94, NULL, '2025-08-27 22:59:28', NULL, NULL),
(1374, 62, '2022-1-60-124', 2.93, NULL, '2025-08-27 22:59:28', NULL, NULL),
(1375, 62, '2022-1-60-125', 2.97, NULL, '2025-08-27 22:59:28', NULL, NULL),
(1376, 62, '2022-1-60-126', 3.78, NULL, '2025-08-27 22:59:28', NULL, NULL),
(1377, 62, '2022-1-60-127', 3.66, NULL, '2025-08-27 22:59:28', NULL, NULL),
(1378, 62, '2022-1-60-128', 2.99, NULL, '2025-08-27 22:59:28', NULL, NULL),
(1379, 62, '2022-1-60-129', 3.55, NULL, '2025-08-27 22:59:28', NULL, NULL),
(1380, 62, '2022-1-60-132', 3.99, NULL, '2025-08-27 22:59:28', NULL, NULL),
(1381, 63, '2022-1-60-101', 3.07, NULL, '2025-08-27 23:36:12', NULL, NULL),
(1382, 63, '2022-1-60-102', 3.78, NULL, '2025-08-27 23:36:12', NULL, NULL),
(1383, 63, '2022-1-60-103', 3.45, NULL, '2025-08-27 23:36:12', NULL, NULL),
(1384, 63, '2022-1-60-104', 2.56, NULL, '2025-08-27 23:36:12', NULL, NULL),
(1385, 63, '2022-1-60-105', 2.78, NULL, '2025-08-27 23:36:12', NULL, NULL),
(1386, 63, '2022-1-60-106', 2.56, NULL, '2025-08-27 23:36:12', NULL, NULL),
(1387, 63, '2022-1-60-107', 3.40, NULL, '2025-08-27 23:36:12', NULL, NULL),
(1388, 63, '2022-1-60-108', 3.76, NULL, '2025-08-27 23:36:12', NULL, NULL),
(1389, 63, '2022-1-60-109', 2.67, NULL, '2025-08-27 23:36:12', NULL, NULL),
(1390, 63, '2022-1-60-110', 4.00, NULL, '2025-08-27 23:36:12', NULL, NULL),
(1391, 63, '2022-1-60-111', 3.56, NULL, '2025-08-27 23:36:12', NULL, NULL),
(1392, 63, '2022-1-60-112', 2.85, NULL, '2025-08-27 23:36:12', NULL, NULL),
(1393, 63, '2022-1-60-113', 2.75, NULL, '2025-08-27 23:36:12', NULL, NULL),
(1394, 63, '2022-1-60-114', 3.89, NULL, '2025-08-27 23:36:12', NULL, NULL),
(1395, 63, '2022-1-60-115', 3.65, NULL, '2025-08-27 23:36:12', NULL, NULL),
(1396, 63, '2022-1-60-116', 3.67, NULL, '2025-08-27 23:36:12', NULL, NULL),
(1397, 63, '2022-1-60-117', 3.45, NULL, '2025-08-27 23:36:12', NULL, NULL),
(1398, 63, '2022-1-60-118', 3.24, NULL, '2025-08-27 23:36:12', NULL, NULL),
(1399, 63, '2022-1-60-119', 3.12, NULL, '2025-08-27 23:36:12', NULL, NULL),
(1400, 63, '2022-1-60-120', 3.45, NULL, '2025-08-27 23:36:12', NULL, NULL),
(1401, 63, '2022-1-60-121', 3.67, NULL, '2025-08-27 23:36:12', NULL, NULL),
(1402, 63, '2022-1-60-122', 3.89, NULL, '2025-08-27 23:36:12', NULL, NULL),
(1403, 63, '2022-1-60-123', 3.94, NULL, '2025-08-27 23:36:12', NULL, NULL),
(1404, 63, '2022-1-60-124', 2.93, NULL, '2025-08-27 23:36:12', NULL, NULL),
(1405, 63, '2022-1-60-125', 2.97, NULL, '2025-08-27 23:36:12', NULL, NULL),
(1406, 63, '2022-1-60-126', 3.78, NULL, '2025-08-27 23:36:12', NULL, NULL),
(1407, 63, '2022-1-60-127', 3.66, NULL, '2025-08-27 23:36:12', NULL, NULL),
(1408, 63, '2022-1-60-128', 2.99, NULL, '2025-08-27 23:36:12', NULL, NULL),
(1409, 63, '2022-1-60-129', 3.55, NULL, '2025-08-27 23:36:12', NULL, NULL),
(1410, 63, '2022-1-60-132', 3.99, NULL, '2025-08-27 23:36:12', NULL, NULL),
(1411, 64, '2022-1-60-101', 3.07, NULL, '2025-08-28 06:16:45', NULL, NULL),
(1412, 64, '2022-1-60-102', 3.78, NULL, '2025-08-28 06:16:45', NULL, NULL),
(1413, 64, '2022-1-60-103', 3.45, NULL, '2025-08-28 06:16:45', NULL, NULL),
(1414, 64, '2022-1-60-104', 2.56, NULL, '2025-08-28 06:16:45', NULL, NULL),
(1415, 64, '2022-1-60-105', 2.78, NULL, '2025-08-28 06:16:45', NULL, NULL),
(1416, 64, '2022-1-60-106', 2.56, NULL, '2025-08-28 06:16:45', NULL, NULL),
(1417, 64, '2022-1-60-107', 3.40, NULL, '2025-08-28 06:16:45', NULL, NULL),
(1418, 64, '2022-1-60-108', 3.76, NULL, '2025-08-28 06:16:45', NULL, NULL),
(1419, 64, '2022-1-60-109', 2.67, NULL, '2025-08-28 06:16:45', NULL, NULL),
(1420, 64, '2022-1-60-110', 4.00, NULL, '2025-08-28 06:16:45', NULL, NULL),
(1421, 64, '2022-1-60-111', 3.56, NULL, '2025-08-28 06:16:45', NULL, NULL),
(1422, 64, '2022-1-60-112', 2.85, NULL, '2025-08-28 06:16:45', NULL, NULL),
(1423, 64, '2022-1-60-113', 2.75, NULL, '2025-08-28 06:16:45', NULL, NULL),
(1424, 64, '2022-1-60-114', 3.89, NULL, '2025-08-28 06:16:45', NULL, NULL),
(1425, 64, '2022-1-60-115', 3.65, NULL, '2025-08-28 06:16:45', NULL, NULL),
(1426, 64, '2022-1-60-116', 3.67, NULL, '2025-08-28 06:16:45', NULL, NULL),
(1427, 64, '2022-1-60-117', 3.45, NULL, '2025-08-28 06:16:45', NULL, NULL),
(1428, 64, '2022-1-60-118', 3.24, NULL, '2025-08-28 06:16:45', NULL, NULL),
(1429, 64, '2022-1-60-119', 3.12, NULL, '2025-08-28 06:16:45', NULL, NULL),
(1430, 64, '2022-1-60-120', 3.45, NULL, '2025-08-28 06:16:45', NULL, NULL),
(1431, 64, '2022-1-60-121', 3.67, NULL, '2025-08-28 06:16:45', NULL, NULL),
(1432, 64, '2022-1-60-122', 3.89, NULL, '2025-08-28 06:16:45', NULL, NULL),
(1433, 64, '2022-1-60-123', 3.94, NULL, '2025-08-28 06:16:45', NULL, NULL),
(1434, 64, '2022-1-60-124', 2.93, NULL, '2025-08-28 06:16:45', NULL, NULL),
(1435, 64, '2022-1-60-125', 2.97, NULL, '2025-08-28 06:16:45', NULL, NULL),
(1436, 64, '2022-1-60-126', 3.78, NULL, '2025-08-28 06:16:45', NULL, NULL),
(1437, 64, '2022-1-60-127', 3.66, NULL, '2025-08-28 06:16:45', NULL, NULL),
(1438, 64, '2022-1-60-128', 2.99, NULL, '2025-08-28 06:16:45', NULL, NULL),
(1439, 64, '2022-1-60-129', 3.55, NULL, '2025-08-28 06:16:45', NULL, NULL),
(1440, 64, '2022-1-60-132', 3.99, NULL, '2025-08-28 06:16:45', NULL, NULL),
(1441, 65, '2022-1-60-101', 3.07, NULL, '2025-08-28 06:17:12', NULL, NULL),
(1442, 65, '2022-1-60-102', 3.78, NULL, '2025-08-28 06:17:12', NULL, NULL),
(1443, 65, '2022-1-60-103', 3.45, NULL, '2025-08-28 06:17:12', NULL, NULL),
(1444, 65, '2022-1-60-104', 2.56, NULL, '2025-08-28 06:17:12', NULL, NULL),
(1445, 65, '2022-1-60-105', 2.78, NULL, '2025-08-28 06:17:12', NULL, NULL),
(1446, 65, '2022-1-60-106', 2.56, NULL, '2025-08-28 06:17:12', NULL, NULL),
(1447, 65, '2022-1-60-107', 3.40, NULL, '2025-08-28 06:17:12', NULL, NULL),
(1448, 65, '2022-1-60-108', 3.76, NULL, '2025-08-28 06:17:12', NULL, NULL),
(1449, 65, '2022-1-60-109', 2.67, NULL, '2025-08-28 06:17:12', NULL, NULL),
(1450, 65, '2022-1-60-110', 4.00, NULL, '2025-08-28 06:17:12', NULL, NULL),
(1451, 65, '2022-1-60-111', 3.56, NULL, '2025-08-28 06:17:12', NULL, NULL),
(1452, 65, '2022-1-60-112', 2.85, NULL, '2025-08-28 06:17:12', NULL, NULL),
(1453, 65, '2022-1-60-113', 2.75, NULL, '2025-08-28 06:17:12', NULL, NULL),
(1454, 65, '2022-1-60-114', 3.89, NULL, '2025-08-28 06:17:12', NULL, NULL),
(1455, 65, '2022-1-60-115', 3.65, NULL, '2025-08-28 06:17:12', NULL, NULL),
(1456, 65, '2022-1-60-116', 3.67, NULL, '2025-08-28 06:17:12', NULL, NULL),
(1457, 65, '2022-1-60-117', 3.45, NULL, '2025-08-28 06:17:12', NULL, NULL),
(1458, 65, '2022-1-60-118', 3.24, NULL, '2025-08-28 06:17:12', NULL, NULL),
(1459, 65, '2022-1-60-119', 3.12, NULL, '2025-08-28 06:17:12', NULL, NULL),
(1460, 65, '2022-1-60-120', 3.45, NULL, '2025-08-28 06:17:12', NULL, NULL),
(1461, 65, '2022-1-60-121', 3.67, NULL, '2025-08-28 06:17:12', NULL, NULL),
(1462, 65, '2022-1-60-122', 3.89, NULL, '2025-08-28 06:17:12', NULL, NULL),
(1463, 65, '2022-1-60-123', 3.94, NULL, '2025-08-28 06:17:12', NULL, NULL),
(1464, 65, '2022-1-60-124', 2.93, NULL, '2025-08-28 06:17:12', NULL, NULL),
(1465, 65, '2022-1-60-125', 2.97, NULL, '2025-08-28 06:17:12', NULL, NULL),
(1466, 65, '2022-1-60-126', 3.78, NULL, '2025-08-28 06:17:12', NULL, NULL),
(1467, 65, '2022-1-60-127', 3.66, NULL, '2025-08-28 06:17:12', NULL, NULL),
(1468, 65, '2022-1-60-128', 2.99, NULL, '2025-08-28 06:17:12', NULL, NULL),
(1469, 65, '2022-1-60-129', 3.55, NULL, '2025-08-28 06:17:12', NULL, NULL),
(1470, 65, '2022-1-60-132', 3.99, NULL, '2025-08-28 06:17:12', NULL, NULL),
(1471, 67, '2022-1-60-101', 3.07, NULL, '2025-08-28 06:27:21', NULL, NULL),
(1472, 67, '2022-1-60-102', 3.78, NULL, '2025-08-28 06:27:21', NULL, NULL),
(1473, 67, '2022-1-60-103', 3.45, NULL, '2025-08-28 06:27:21', NULL, NULL),
(1474, 67, '2022-1-60-104', 2.56, NULL, '2025-08-28 06:27:21', NULL, NULL),
(1475, 67, '2022-1-60-105', 2.78, NULL, '2025-08-28 06:27:21', NULL, NULL),
(1476, 67, '2022-1-60-106', 2.56, NULL, '2025-08-28 06:27:21', NULL, NULL),
(1477, 67, '2022-1-60-107', 3.40, NULL, '2025-08-28 06:27:21', NULL, NULL),
(1478, 67, '2022-1-60-108', 3.76, NULL, '2025-08-28 06:27:21', NULL, NULL),
(1479, 67, '2022-1-60-109', 2.67, NULL, '2025-08-28 06:27:21', NULL, NULL),
(1480, 67, '2022-1-60-110', 4.00, NULL, '2025-08-28 06:27:21', NULL, NULL),
(1481, 67, '2022-1-60-111', 3.56, NULL, '2025-08-28 06:27:21', NULL, NULL),
(1482, 67, '2022-1-60-112', 2.85, NULL, '2025-08-28 06:27:21', NULL, NULL),
(1483, 67, '2022-1-60-113', 2.75, NULL, '2025-08-28 06:27:21', NULL, NULL),
(1484, 67, '2022-1-60-114', 3.89, NULL, '2025-08-28 06:27:21', NULL, NULL),
(1485, 67, '2022-1-60-115', 3.65, NULL, '2025-08-28 06:27:21', NULL, NULL),
(1486, 67, '2022-1-60-116', 3.67, NULL, '2025-08-28 06:27:21', NULL, NULL),
(1487, 67, '2022-1-60-117', 3.45, NULL, '2025-08-28 06:27:21', NULL, NULL),
(1488, 67, '2022-1-60-118', 3.24, NULL, '2025-08-28 06:27:21', NULL, NULL),
(1489, 67, '2022-1-60-119', 3.12, NULL, '2025-08-28 06:27:21', NULL, NULL),
(1490, 67, '2022-1-60-120', 3.45, NULL, '2025-08-28 06:27:21', NULL, NULL),
(1491, 67, '2022-1-60-121', 3.67, NULL, '2025-08-28 06:27:21', NULL, NULL),
(1492, 67, '2022-1-60-122', 3.89, NULL, '2025-08-28 06:27:21', NULL, NULL),
(1493, 67, '2022-1-60-123', 3.94, NULL, '2025-08-28 06:27:21', NULL, NULL),
(1494, 67, '2022-1-60-124', 2.93, NULL, '2025-08-28 06:27:21', NULL, NULL),
(1495, 67, '2022-1-60-125', 2.97, NULL, '2025-08-28 06:27:21', NULL, NULL),
(1496, 67, '2022-1-60-126', 3.78, NULL, '2025-08-28 06:27:21', NULL, NULL),
(1497, 67, '2022-1-60-127', 3.66, NULL, '2025-08-28 06:27:21', NULL, NULL),
(1498, 67, '2022-1-60-128', 2.99, NULL, '2025-08-28 06:27:21', NULL, NULL),
(1499, 67, '2022-1-60-129', 3.55, NULL, '2025-08-28 06:27:21', NULL, NULL),
(1500, 67, '2022-1-60-132', 3.99, NULL, '2025-08-28 06:27:21', NULL, NULL),
(1501, 68, '2022-1-60-101', 3.07, NULL, '2025-08-28 06:29:44', NULL, NULL),
(1502, 68, '2022-1-60-102', 3.78, NULL, '2025-08-28 06:29:44', NULL, NULL),
(1503, 68, '2022-1-60-103', 3.45, NULL, '2025-08-28 06:29:44', NULL, NULL),
(1504, 68, '2022-1-60-104', 2.56, NULL, '2025-08-28 06:29:44', NULL, NULL),
(1505, 68, '2022-1-60-105', 2.78, NULL, '2025-08-28 06:29:44', NULL, NULL),
(1506, 68, '2022-1-60-106', 2.56, NULL, '2025-08-28 06:29:44', NULL, NULL),
(1507, 68, '2022-1-60-107', 3.40, NULL, '2025-08-28 06:29:44', NULL, NULL),
(1508, 68, '2022-1-60-108', 3.76, NULL, '2025-08-28 06:29:44', NULL, NULL),
(1509, 68, '2022-1-60-109', 2.67, NULL, '2025-08-28 06:29:44', NULL, NULL),
(1510, 68, '2022-1-60-110', 4.00, NULL, '2025-08-28 06:29:44', NULL, NULL),
(1511, 68, '2022-1-60-111', 3.56, NULL, '2025-08-28 06:29:44', NULL, NULL),
(1512, 68, '2022-1-60-112', 2.85, NULL, '2025-08-28 06:29:44', NULL, NULL),
(1513, 68, '2022-1-60-113', 2.75, NULL, '2025-08-28 06:29:44', NULL, NULL),
(1514, 68, '2022-1-60-114', 3.89, NULL, '2025-08-28 06:29:44', NULL, NULL),
(1515, 68, '2022-1-60-115', 3.65, NULL, '2025-08-28 06:29:44', NULL, NULL),
(1516, 68, '2022-1-60-116', 3.67, NULL, '2025-08-28 06:29:44', NULL, NULL),
(1517, 68, '2022-1-60-117', 3.45, NULL, '2025-08-28 06:29:44', NULL, NULL),
(1518, 68, '2022-1-60-118', 3.24, NULL, '2025-08-28 06:29:44', NULL, NULL),
(1519, 68, '2022-1-60-119', 3.12, NULL, '2025-08-28 06:29:44', NULL, NULL),
(1520, 68, '2022-1-60-120', 3.45, NULL, '2025-08-28 06:29:44', NULL, NULL),
(1521, 68, '2022-1-60-121', 3.67, NULL, '2025-08-28 06:29:44', NULL, NULL),
(1522, 68, '2022-1-60-122', 3.89, NULL, '2025-08-28 06:29:44', NULL, NULL),
(1523, 68, '2022-1-60-123', 3.94, NULL, '2025-08-28 06:29:44', NULL, NULL),
(1524, 68, '2022-1-60-124', 2.93, NULL, '2025-08-28 06:29:44', NULL, NULL),
(1525, 68, '2022-1-60-125', 2.97, NULL, '2025-08-28 06:29:44', NULL, NULL),
(1526, 68, '2022-1-60-126', 3.78, NULL, '2025-08-28 06:29:44', NULL, NULL),
(1527, 68, '2022-1-60-127', 3.66, NULL, '2025-08-28 06:29:44', NULL, NULL),
(1528, 68, '2022-1-60-128', 2.99, NULL, '2025-08-28 06:29:44', NULL, NULL),
(1529, 68, '2022-1-60-129', 3.55, NULL, '2025-08-28 06:29:44', NULL, NULL),
(1530, 68, '2022-1-60-132', 3.99, NULL, '2025-08-28 06:29:44', NULL, NULL),
(1531, 69, '2022-1-60-101', 3.07, NULL, '2025-08-28 06:30:29', NULL, NULL),
(1532, 69, '2022-1-60-102', 3.78, NULL, '2025-08-28 06:30:29', NULL, NULL),
(1533, 69, '2022-1-60-103', 3.45, NULL, '2025-08-28 06:30:29', NULL, NULL),
(1534, 69, '2022-1-60-104', 2.56, NULL, '2025-08-28 06:30:29', NULL, NULL),
(1535, 69, '2022-1-60-105', 2.78, NULL, '2025-08-28 06:30:29', NULL, NULL),
(1536, 69, '2022-1-60-106', 2.56, NULL, '2025-08-28 06:30:29', NULL, NULL),
(1537, 69, '2022-1-60-107', 3.40, NULL, '2025-08-28 06:30:29', NULL, NULL),
(1538, 69, '2022-1-60-108', 3.76, NULL, '2025-08-28 06:30:29', NULL, NULL),
(1539, 69, '2022-1-60-109', 2.67, NULL, '2025-08-28 06:30:29', NULL, NULL),
(1540, 69, '2022-1-60-110', 4.00, NULL, '2025-08-28 06:30:29', NULL, NULL),
(1541, 69, '2022-1-60-111', 3.56, NULL, '2025-08-28 06:30:29', NULL, NULL),
(1542, 69, '2022-1-60-112', 2.85, NULL, '2025-08-28 06:30:29', NULL, NULL),
(1543, 69, '2022-1-60-113', 2.75, NULL, '2025-08-28 06:30:29', NULL, NULL),
(1544, 69, '2022-1-60-114', 3.89, NULL, '2025-08-28 06:30:29', NULL, NULL),
(1545, 69, '2022-1-60-115', 3.65, NULL, '2025-08-28 06:30:29', NULL, NULL),
(1546, 69, '2022-1-60-116', 3.67, NULL, '2025-08-28 06:30:29', NULL, NULL),
(1547, 69, '2022-1-60-117', 3.45, NULL, '2025-08-28 06:30:29', NULL, NULL),
(1548, 69, '2022-1-60-118', 3.24, NULL, '2025-08-28 06:30:29', NULL, NULL),
(1549, 69, '2022-1-60-119', 3.12, NULL, '2025-08-28 06:30:29', NULL, NULL),
(1550, 69, '2022-1-60-120', 3.45, NULL, '2025-08-28 06:30:29', NULL, NULL),
(1551, 69, '2022-1-60-121', 3.67, NULL, '2025-08-28 06:30:29', NULL, NULL),
(1552, 69, '2022-1-60-122', 3.89, NULL, '2025-08-28 06:30:29', NULL, NULL),
(1553, 69, '2022-1-60-123', 3.94, NULL, '2025-08-28 06:30:29', NULL, NULL),
(1554, 69, '2022-1-60-124', 2.93, NULL, '2025-08-28 06:30:29', NULL, NULL),
(1555, 69, '2022-1-60-125', 2.97, NULL, '2025-08-28 06:30:29', NULL, NULL),
(1556, 69, '2022-1-60-126', 3.78, NULL, '2025-08-28 06:30:29', NULL, NULL),
(1557, 69, '2022-1-60-127', 3.66, NULL, '2025-08-28 06:30:29', NULL, NULL),
(1558, 69, '2022-1-60-128', 2.99, NULL, '2025-08-28 06:30:29', NULL, NULL),
(1559, 69, '2022-1-60-129', 3.55, NULL, '2025-08-28 06:30:29', NULL, NULL),
(1560, 69, '2022-1-60-132', 3.99, NULL, '2025-08-28 06:30:29', NULL, NULL),
(1561, 70, '2022-1-60-101', 3.07, NULL, '2025-08-28 07:10:36', NULL, NULL),
(1562, 70, '2022-1-60-102', 3.78, NULL, '2025-08-28 07:10:36', NULL, NULL),
(1563, 70, '2022-1-60-103', 3.45, NULL, '2025-08-28 07:10:36', NULL, NULL),
(1564, 70, '2022-1-60-104', 2.56, NULL, '2025-08-28 07:10:36', NULL, NULL),
(1565, 70, '2022-1-60-105', 2.78, NULL, '2025-08-28 07:10:36', NULL, NULL),
(1566, 70, '2022-1-60-106', 2.56, NULL, '2025-08-28 07:10:36', NULL, NULL),
(1567, 70, '2022-1-60-107', 3.40, NULL, '2025-08-28 07:10:36', NULL, NULL),
(1568, 70, '2022-1-60-108', 3.76, NULL, '2025-08-28 07:10:36', NULL, NULL),
(1569, 70, '2022-1-60-109', 2.67, NULL, '2025-08-28 07:10:36', NULL, NULL),
(1570, 70, '2022-1-60-110', 4.00, NULL, '2025-08-28 07:10:36', NULL, NULL),
(1571, 70, '2022-1-60-111', 3.56, NULL, '2025-08-28 07:10:36', NULL, NULL),
(1572, 70, '2022-1-60-112', 2.85, NULL, '2025-08-28 07:10:36', NULL, NULL),
(1573, 70, '2022-1-60-113', 2.75, NULL, '2025-08-28 07:10:36', NULL, NULL),
(1574, 70, '2022-1-60-114', 3.89, NULL, '2025-08-28 07:10:36', NULL, NULL),
(1575, 70, '2022-1-60-115', 3.65, NULL, '2025-08-28 07:10:36', NULL, NULL),
(1576, 70, '2022-1-60-116', 3.67, NULL, '2025-08-28 07:10:36', NULL, NULL),
(1577, 70, '2022-1-60-117', 3.45, NULL, '2025-08-28 07:10:36', NULL, NULL),
(1578, 70, '2022-1-60-118', 3.24, NULL, '2025-08-28 07:10:36', NULL, NULL),
(1579, 70, '2022-1-60-119', 3.12, NULL, '2025-08-28 07:10:36', NULL, NULL),
(1580, 70, '2022-1-60-120', 3.45, NULL, '2025-08-28 07:10:36', NULL, NULL),
(1581, 70, '2022-1-60-121', 3.67, NULL, '2025-08-28 07:10:36', NULL, NULL),
(1582, 70, '2022-1-60-122', 3.89, NULL, '2025-08-28 07:10:36', NULL, NULL),
(1583, 70, '2022-1-60-123', 3.94, NULL, '2025-08-28 07:10:36', NULL, NULL),
(1584, 70, '2022-1-60-124', 2.93, NULL, '2025-08-28 07:10:36', NULL, NULL),
(1585, 70, '2022-1-60-125', 2.97, NULL, '2025-08-28 07:10:36', NULL, NULL),
(1586, 70, '2022-1-60-126', 3.78, NULL, '2025-08-28 07:10:36', NULL, NULL),
(1587, 70, '2022-1-60-127', 3.66, NULL, '2025-08-28 07:10:36', NULL, NULL),
(1588, 70, '2022-1-60-128', 2.99, NULL, '2025-08-28 07:10:36', NULL, NULL),
(1589, 70, '2022-1-60-129', 3.55, NULL, '2025-08-28 07:10:36', NULL, NULL),
(1590, 70, '2022-1-60-132', 3.99, NULL, '2025-08-28 07:10:36', NULL, NULL),
(1591, 71, '2022-1-60-101', 3.07, NULL, '2025-08-28 07:22:47', NULL, NULL),
(1592, 71, '2022-1-60-102', 3.78, NULL, '2025-08-28 07:22:47', NULL, NULL),
(1593, 71, '2022-1-60-103', 3.45, NULL, '2025-08-28 07:22:47', NULL, NULL),
(1594, 71, '2022-1-60-104', 2.56, NULL, '2025-08-28 07:22:47', NULL, NULL),
(1595, 71, '2022-1-60-105', 2.78, NULL, '2025-08-28 07:22:47', NULL, NULL),
(1596, 71, '2022-1-60-106', 2.56, NULL, '2025-08-28 07:22:47', NULL, NULL),
(1597, 71, '2022-1-60-107', 3.40, NULL, '2025-08-28 07:22:47', NULL, NULL),
(1598, 71, '2022-1-60-108', 3.76, NULL, '2025-08-28 07:22:47', NULL, NULL),
(1599, 71, '2022-1-60-109', 2.67, NULL, '2025-08-28 07:22:47', NULL, NULL),
(1600, 71, '2022-1-60-110', 4.00, NULL, '2025-08-28 07:22:47', NULL, NULL),
(1601, 71, '2022-1-60-111', 3.56, NULL, '2025-08-28 07:22:47', NULL, NULL),
(1602, 71, '2022-1-60-112', 2.85, NULL, '2025-08-28 07:22:47', NULL, NULL),
(1603, 71, '2022-1-60-113', 2.75, NULL, '2025-08-28 07:22:47', NULL, NULL),
(1604, 71, '2022-1-60-114', 3.89, NULL, '2025-08-28 07:22:47', NULL, NULL),
(1605, 71, '2022-1-60-115', 3.65, NULL, '2025-08-28 07:22:47', NULL, NULL),
(1606, 71, '2022-1-60-116', 3.67, NULL, '2025-08-28 07:22:47', NULL, NULL),
(1607, 71, '2022-1-60-117', 3.45, NULL, '2025-08-28 07:22:47', NULL, NULL),
(1608, 71, '2022-1-60-118', 3.24, NULL, '2025-08-28 07:22:47', NULL, NULL),
(1609, 71, '2022-1-60-119', 3.12, NULL, '2025-08-28 07:22:47', NULL, NULL),
(1610, 71, '2022-1-60-120', 3.45, NULL, '2025-08-28 07:22:47', NULL, NULL),
(1611, 71, '2022-1-60-121', 3.67, NULL, '2025-08-28 07:22:47', NULL, NULL),
(1612, 71, '2022-1-60-122', 3.89, NULL, '2025-08-28 07:22:47', NULL, NULL),
(1613, 71, '2022-1-60-123', 3.94, NULL, '2025-08-28 07:22:47', NULL, NULL),
(1614, 71, '2022-1-60-124', 2.93, NULL, '2025-08-28 07:22:47', NULL, NULL),
(1615, 71, '2022-1-60-125', 2.97, NULL, '2025-08-28 07:22:47', NULL, NULL),
(1616, 71, '2022-1-60-126', 3.78, NULL, '2025-08-28 07:22:47', NULL, NULL),
(1617, 71, '2022-1-60-127', 3.66, NULL, '2025-08-28 07:22:47', NULL, NULL),
(1618, 71, '2022-1-60-128', 2.99, NULL, '2025-08-28 07:22:47', NULL, NULL),
(1619, 71, '2022-1-60-129', 3.55, NULL, '2025-08-28 07:22:47', NULL, NULL),
(1620, 71, '2022-1-60-132', 3.99, NULL, '2025-08-28 07:22:47', NULL, NULL),
(1621, 72, '2022-1-60-101', 3.07, NULL, '2025-08-28 13:35:00', NULL, NULL),
(1622, 72, '2022-1-60-102', 3.78, NULL, '2025-08-28 13:35:00', NULL, NULL),
(1623, 72, '2022-1-60-103', 3.45, NULL, '2025-08-28 13:35:00', NULL, NULL),
(1624, 72, '2022-1-60-104', 2.56, NULL, '2025-08-28 13:35:00', NULL, NULL),
(1625, 72, '2022-1-60-105', 2.78, NULL, '2025-08-28 13:35:00', NULL, NULL),
(1626, 72, '2022-1-60-106', 2.56, NULL, '2025-08-28 13:35:00', NULL, NULL),
(1627, 72, '2022-1-60-107', 3.40, NULL, '2025-08-28 13:35:00', NULL, NULL),
(1628, 72, '2022-1-60-108', 3.76, NULL, '2025-08-28 13:35:00', NULL, NULL),
(1629, 72, '2022-1-60-109', 2.67, NULL, '2025-08-28 13:35:00', NULL, NULL),
(1630, 72, '2022-1-60-110', 4.00, NULL, '2025-08-28 13:35:00', NULL, NULL),
(1631, 72, '2022-1-60-111', 3.56, NULL, '2025-08-28 13:35:00', NULL, NULL),
(1632, 72, '2022-1-60-112', 2.85, NULL, '2025-08-28 13:35:00', NULL, NULL),
(1633, 72, '2022-1-60-113', 2.75, NULL, '2025-08-28 13:35:00', NULL, NULL),
(1634, 72, '2022-1-60-114', 3.89, NULL, '2025-08-28 13:35:00', NULL, NULL),
(1635, 72, '2022-1-60-115', 3.65, NULL, '2025-08-28 13:35:00', NULL, NULL),
(1636, 72, '2022-1-60-116', 3.67, NULL, '2025-08-28 13:35:00', NULL, NULL),
(1637, 72, '2022-1-60-117', 3.45, NULL, '2025-08-28 13:35:00', NULL, NULL),
(1638, 72, '2022-1-60-118', 3.24, NULL, '2025-08-28 13:35:00', NULL, NULL),
(1639, 72, '2022-1-60-119', 3.12, NULL, '2025-08-28 13:35:00', NULL, NULL),
(1640, 72, '2022-1-60-120', 3.45, NULL, '2025-08-28 13:35:00', NULL, NULL),
(1641, 72, '2022-1-60-121', 3.67, NULL, '2025-08-28 13:35:00', NULL, NULL),
(1642, 72, '2022-1-60-122', 3.89, NULL, '2025-08-28 13:35:00', NULL, NULL),
(1643, 72, '2022-1-60-123', 3.94, NULL, '2025-08-28 13:35:00', NULL, NULL),
(1644, 72, '2022-1-60-124', 2.93, NULL, '2025-08-28 13:35:00', NULL, NULL),
(1645, 72, '2022-1-60-125', 2.97, NULL, '2025-08-28 13:35:00', NULL, NULL),
(1646, 72, '2022-1-60-126', 3.78, NULL, '2025-08-28 13:35:00', NULL, NULL),
(1647, 72, '2022-1-60-127', 3.66, NULL, '2025-08-28 13:35:00', NULL, NULL),
(1648, 72, '2022-1-60-128', 2.99, NULL, '2025-08-28 13:35:00', NULL, NULL),
(1649, 72, '2022-1-60-129', 3.55, NULL, '2025-08-28 13:35:00', NULL, NULL),
(1650, 72, '2022-1-60-132', 3.99, NULL, '2025-08-28 13:35:00', NULL, NULL),
(1651, 73, '2022-1-60-101', 3.07, NULL, '2025-08-28 13:35:24', NULL, NULL),
(1652, 73, '2022-1-60-102', 3.78, NULL, '2025-08-28 13:35:24', NULL, NULL),
(1653, 73, '2022-1-60-103', 3.45, NULL, '2025-08-28 13:35:24', NULL, NULL),
(1654, 73, '2022-1-60-104', 2.56, NULL, '2025-08-28 13:35:24', NULL, NULL),
(1655, 73, '2022-1-60-105', 2.78, NULL, '2025-08-28 13:35:24', NULL, NULL),
(1656, 73, '2022-1-60-106', 2.56, NULL, '2025-08-28 13:35:24', NULL, NULL),
(1657, 73, '2022-1-60-107', 3.40, NULL, '2025-08-28 13:35:24', NULL, NULL),
(1658, 73, '2022-1-60-108', 3.76, NULL, '2025-08-28 13:35:24', NULL, NULL),
(1659, 73, '2022-1-60-109', 2.67, NULL, '2025-08-28 13:35:24', NULL, NULL),
(1660, 73, '2022-1-60-110', 4.00, NULL, '2025-08-28 13:35:24', NULL, NULL),
(1661, 73, '2022-1-60-111', 3.56, NULL, '2025-08-28 13:35:24', NULL, NULL),
(1662, 73, '2022-1-60-112', 2.85, NULL, '2025-08-28 13:35:24', NULL, NULL),
(1663, 73, '2022-1-60-113', 2.75, NULL, '2025-08-28 13:35:24', NULL, NULL),
(1664, 73, '2022-1-60-114', 3.89, NULL, '2025-08-28 13:35:24', NULL, NULL),
(1665, 73, '2022-1-60-115', 3.65, NULL, '2025-08-28 13:35:24', NULL, NULL),
(1666, 73, '2022-1-60-116', 3.67, NULL, '2025-08-28 13:35:24', NULL, NULL),
(1667, 73, '2022-1-60-117', 3.45, NULL, '2025-08-28 13:35:24', NULL, NULL),
(1668, 73, '2022-1-60-118', 3.24, NULL, '2025-08-28 13:35:24', NULL, NULL),
(1669, 73, '2022-1-60-119', 3.12, NULL, '2025-08-28 13:35:24', NULL, NULL),
(1670, 73, '2022-1-60-120', 3.45, NULL, '2025-08-28 13:35:24', NULL, NULL),
(1671, 73, '2022-1-60-121', 3.67, NULL, '2025-08-28 13:35:24', NULL, NULL),
(1672, 73, '2022-1-60-122', 3.89, NULL, '2025-08-28 13:35:24', NULL, NULL),
(1673, 73, '2022-1-60-123', 3.94, NULL, '2025-08-28 13:35:24', NULL, NULL),
(1674, 73, '2022-1-60-124', 2.93, NULL, '2025-08-28 13:35:24', NULL, NULL),
(1675, 73, '2022-1-60-125', 2.97, NULL, '2025-08-28 13:35:24', NULL, NULL),
(1676, 73, '2022-1-60-126', 3.78, NULL, '2025-08-28 13:35:24', NULL, NULL),
(1677, 73, '2022-1-60-127', 3.66, NULL, '2025-08-28 13:35:24', NULL, NULL),
(1678, 73, '2022-1-60-128', 2.99, NULL, '2025-08-28 13:35:24', NULL, NULL),
(1679, 73, '2022-1-60-129', 3.55, NULL, '2025-08-28 13:35:24', NULL, NULL),
(1680, 73, '2022-1-60-132', 3.99, NULL, '2025-08-28 13:35:24', NULL, NULL),
(1681, 74, '2022-1-60-101', 3.07, NULL, '2025-08-28 18:27:20', NULL, NULL),
(1682, 74, '2022-1-60-102', 3.78, NULL, '2025-08-28 18:27:20', NULL, NULL),
(1683, 74, '2022-1-60-103', 3.45, NULL, '2025-08-28 18:27:20', NULL, NULL),
(1684, 74, '2022-1-60-104', 2.56, NULL, '2025-08-28 18:27:20', NULL, NULL),
(1685, 74, '2022-1-60-105', 2.78, NULL, '2025-08-28 18:27:20', NULL, NULL),
(1686, 74, '2022-1-60-106', 2.56, NULL, '2025-08-28 18:27:20', NULL, NULL),
(1687, 74, '2022-1-60-107', 3.40, NULL, '2025-08-28 18:27:20', NULL, NULL),
(1688, 74, '2022-1-60-108', 3.76, NULL, '2025-08-28 18:27:20', NULL, NULL),
(1689, 74, '2022-1-60-109', 2.67, NULL, '2025-08-28 18:27:20', NULL, NULL),
(1690, 74, '2022-1-60-110', 4.00, NULL, '2025-08-28 18:27:20', NULL, NULL),
(1691, 74, '2022-1-60-111', 3.56, NULL, '2025-08-28 18:27:20', NULL, NULL),
(1692, 74, '2022-1-60-112', 2.85, NULL, '2025-08-28 18:27:20', NULL, NULL),
(1693, 74, '2022-1-60-113', 2.75, NULL, '2025-08-28 18:27:20', NULL, NULL),
(1694, 74, '2022-1-60-114', 3.89, NULL, '2025-08-28 18:27:20', NULL, NULL),
(1695, 74, '2022-1-60-115', 3.65, NULL, '2025-08-28 18:27:20', NULL, NULL),
(1696, 74, '2022-1-60-116', 3.67, NULL, '2025-08-28 18:27:20', NULL, NULL),
(1697, 74, '2022-1-60-117', 3.45, NULL, '2025-08-28 18:27:20', NULL, NULL),
(1698, 74, '2022-1-60-118', 3.24, NULL, '2025-08-28 18:27:20', NULL, NULL),
(1699, 74, '2022-1-60-119', 3.12, NULL, '2025-08-28 18:27:20', NULL, NULL),
(1700, 74, '2022-1-60-120', 3.45, NULL, '2025-08-28 18:27:20', NULL, NULL),
(1701, 74, '2022-1-60-121', 3.67, NULL, '2025-08-28 18:27:20', NULL, NULL),
(1702, 74, '2022-1-60-122', 3.89, NULL, '2025-08-28 18:27:20', NULL, NULL),
(1703, 74, '2022-1-60-123', 3.94, NULL, '2025-08-28 18:27:20', NULL, NULL),
(1704, 74, '2022-1-60-124', 2.93, NULL, '2025-08-28 18:27:20', NULL, NULL),
(1705, 74, '2022-1-60-125', 2.97, NULL, '2025-08-28 18:27:20', NULL, NULL),
(1706, 74, '2022-1-60-126', 3.78, NULL, '2025-08-28 18:27:20', NULL, NULL),
(1707, 74, '2022-1-60-127', 3.66, NULL, '2025-08-28 18:27:20', NULL, NULL),
(1708, 74, '2022-1-60-128', 2.99, NULL, '2025-08-28 18:27:20', NULL, NULL),
(1709, 74, '2022-1-60-129', 3.55, NULL, '2025-08-28 18:27:20', NULL, NULL),
(1710, 74, '2022-1-60-132', 3.99, NULL, '2025-08-28 18:27:20', NULL, NULL),
(1711, 75, '2022-1-60-101', 3.07, NULL, '2025-08-28 19:27:19', NULL, NULL),
(1712, 75, '2022-1-60-102', 3.78, NULL, '2025-08-28 19:27:19', NULL, NULL),
(1713, 75, '2022-1-60-103', 3.45, NULL, '2025-08-28 19:27:19', NULL, NULL),
(1714, 75, '2022-1-60-104', 2.56, NULL, '2025-08-28 19:27:19', NULL, NULL),
(1715, 75, '2022-1-60-105', 2.78, NULL, '2025-08-28 19:27:19', NULL, NULL),
(1716, 75, '2022-1-60-106', 2.56, NULL, '2025-08-28 19:27:19', NULL, NULL),
(1717, 75, '2022-1-60-107', 3.40, NULL, '2025-08-28 19:27:19', NULL, NULL),
(1718, 75, '2022-1-60-108', 3.76, NULL, '2025-08-28 19:27:19', NULL, NULL),
(1719, 75, '2022-1-60-109', 2.67, NULL, '2025-08-28 19:27:19', NULL, NULL),
(1720, 75, '2022-1-60-110', 4.00, NULL, '2025-08-28 19:27:19', NULL, NULL),
(1721, 75, '2022-1-60-111', 3.56, NULL, '2025-08-28 19:27:19', NULL, NULL),
(1722, 75, '2022-1-60-112', 2.85, NULL, '2025-08-28 19:27:19', NULL, NULL),
(1723, 75, '2022-1-60-113', 2.75, NULL, '2025-08-28 19:27:19', NULL, NULL),
(1724, 75, '2022-1-60-114', 3.89, NULL, '2025-08-28 19:27:19', NULL, NULL),
(1725, 75, '2022-1-60-115', 3.65, NULL, '2025-08-28 19:27:19', NULL, NULL),
(1726, 75, '2022-1-60-116', 3.67, NULL, '2025-08-28 19:27:19', NULL, NULL),
(1727, 75, '2022-1-60-117', 3.45, NULL, '2025-08-28 19:27:19', NULL, NULL),
(1728, 75, '2022-1-60-118', 3.24, NULL, '2025-08-28 19:27:19', NULL, NULL),
(1729, 75, '2022-1-60-119', 3.12, NULL, '2025-08-28 19:27:19', NULL, NULL),
(1730, 75, '2022-1-60-120', 3.45, NULL, '2025-08-28 19:27:19', NULL, NULL),
(1731, 75, '2022-1-60-121', 3.67, NULL, '2025-08-28 19:27:19', NULL, NULL),
(1732, 75, '2022-1-60-122', 3.89, NULL, '2025-08-28 19:27:19', NULL, NULL),
(1733, 75, '2022-1-60-123', 3.94, NULL, '2025-08-28 19:27:19', NULL, NULL),
(1734, 75, '2022-1-60-124', 2.93, NULL, '2025-08-28 19:27:19', NULL, NULL),
(1735, 75, '2022-1-60-125', 2.97, NULL, '2025-08-28 19:27:19', NULL, NULL),
(1736, 75, '2022-1-60-126', 3.78, NULL, '2025-08-28 19:27:19', NULL, NULL),
(1737, 75, '2022-1-60-127', 3.66, NULL, '2025-08-28 19:27:19', NULL, NULL),
(1738, 75, '2022-1-60-128', 2.99, NULL, '2025-08-28 19:27:19', NULL, NULL),
(1739, 75, '2022-1-60-129', 3.55, NULL, '2025-08-28 19:27:19', NULL, NULL),
(1740, 75, '2022-1-60-132', 3.99, NULL, '2025-08-28 19:27:19', NULL, NULL),
(1741, 76, '2022-1-60-101', 3.07, NULL, '2025-08-29 05:17:23', NULL, NULL),
(1742, 76, '2022-1-60-102', 3.78, NULL, '2025-08-29 05:17:23', NULL, NULL),
(1743, 76, '2022-1-60-103', 3.45, NULL, '2025-08-29 05:17:23', NULL, NULL),
(1744, 76, '2022-1-60-104', 2.56, NULL, '2025-08-29 05:17:23', NULL, NULL),
(1745, 76, '2022-1-60-105', 2.78, 29, '2025-08-29 05:17:23', '2025-08-29 05:19:46', NULL),
(1746, 76, '2022-1-60-106', 2.56, NULL, '2025-08-29 05:17:23', NULL, NULL),
(1747, 76, '2022-1-60-107', 3.40, NULL, '2025-08-29 05:17:23', NULL, NULL),
(1748, 76, '2022-1-60-108', 3.76, NULL, '2025-08-29 05:17:23', NULL, NULL),
(1749, 76, '2022-1-60-109', 2.67, NULL, '2025-08-29 05:17:23', NULL, NULL),
(1750, 76, '2022-1-60-110', 4.00, NULL, '2025-08-29 05:17:23', NULL, NULL),
(1751, 76, '2022-1-60-111', 3.56, NULL, '2025-08-29 05:17:23', NULL, NULL),
(1752, 76, '2022-1-60-112', 2.85, NULL, '2025-08-29 05:17:23', NULL, NULL),
(1753, 76, '2022-1-60-113', 2.75, NULL, '2025-08-29 05:17:23', NULL, NULL),
(1754, 76, '2022-1-60-114', 3.89, NULL, '2025-08-29 05:17:23', NULL, NULL),
(1755, 76, '2022-1-60-115', 3.65, NULL, '2025-08-29 05:17:23', NULL, NULL),
(1756, 76, '2022-1-60-116', 3.67, NULL, '2025-08-29 05:17:23', NULL, NULL),
(1757, 76, '2022-1-60-117', 3.45, NULL, '2025-08-29 05:17:23', NULL, NULL),
(1758, 76, '2022-1-60-118', 3.24, NULL, '2025-08-29 05:17:23', NULL, NULL),
(1759, 76, '2022-1-60-119', 3.12, NULL, '2025-08-29 05:17:23', NULL, NULL),
(1760, 76, '2022-1-60-120', 3.45, NULL, '2025-08-29 05:17:23', NULL, NULL),
(1761, 76, '2022-1-60-121', 3.67, NULL, '2025-08-29 05:17:23', NULL, NULL),
(1762, 76, '2022-1-60-122', 3.89, NULL, '2025-08-29 05:17:23', NULL, NULL),
(1763, 76, '2022-1-60-123', 3.94, NULL, '2025-08-29 05:17:23', NULL, NULL),
(1764, 76, '2022-1-60-124', 2.93, NULL, '2025-08-29 05:17:23', NULL, NULL),
(1765, 76, '2022-1-60-125', 2.97, NULL, '2025-08-29 05:17:23', NULL, NULL),
(1766, 76, '2022-1-60-126', 3.78, NULL, '2025-08-29 05:17:23', NULL, NULL),
(1767, 76, '2022-1-60-127', 3.66, NULL, '2025-08-29 05:17:23', NULL, NULL),
(1768, 76, '2022-1-60-128', 2.99, NULL, '2025-08-29 05:17:23', NULL, NULL),
(1769, 76, '2022-1-60-129', 3.55, NULL, '2025-08-29 05:17:23', NULL, NULL),
(1770, 76, '2022-1-60-132', 3.99, NULL, '2025-08-29 05:17:23', NULL, NULL),
(1771, 77, '2022-1-60-101', 3.07, NULL, '2025-08-29 05:18:38', NULL, NULL),
(1772, 77, '2022-1-60-102', 3.78, NULL, '2025-08-29 05:18:38', NULL, NULL),
(1773, 77, '2022-1-60-103', 3.45, NULL, '2025-08-29 05:18:38', NULL, NULL),
(1774, 77, '2022-1-60-104', 2.56, NULL, '2025-08-29 05:18:38', NULL, NULL),
(1775, 77, '2022-1-60-105', 2.78, NULL, '2025-08-29 05:18:38', NULL, NULL),
(1776, 77, '2022-1-60-106', 2.56, NULL, '2025-08-29 05:18:38', NULL, NULL),
(1777, 77, '2022-1-60-107', 3.40, NULL, '2025-08-29 05:18:38', NULL, NULL),
(1778, 77, '2022-1-60-108', 3.76, NULL, '2025-08-29 05:18:38', NULL, NULL),
(1779, 77, '2022-1-60-109', 2.67, NULL, '2025-08-29 05:18:38', NULL, NULL),
(1780, 77, '2022-1-60-110', 4.00, NULL, '2025-08-29 05:18:38', NULL, NULL),
(1781, 77, '2022-1-60-111', 3.56, NULL, '2025-08-29 05:18:38', NULL, NULL),
(1782, 77, '2022-1-60-112', 2.85, NULL, '2025-08-29 05:18:38', NULL, NULL),
(1783, 77, '2022-1-60-113', 2.75, NULL, '2025-08-29 05:18:38', NULL, NULL),
(1784, 77, '2022-1-60-114', 3.89, NULL, '2025-08-29 05:18:38', NULL, NULL),
(1785, 77, '2022-1-60-115', 3.65, NULL, '2025-08-29 05:18:38', NULL, NULL),
(1786, 77, '2022-1-60-116', 3.67, NULL, '2025-08-29 05:18:38', NULL, NULL),
(1787, 77, '2022-1-60-117', 3.45, NULL, '2025-08-29 05:18:38', NULL, NULL),
(1788, 77, '2022-1-60-118', 3.24, NULL, '2025-08-29 05:18:38', NULL, NULL),
(1789, 77, '2022-1-60-119', 3.12, NULL, '2025-08-29 05:18:38', NULL, NULL),
(1790, 77, '2022-1-60-120', 3.45, NULL, '2025-08-29 05:18:38', NULL, NULL),
(1791, 77, '2022-1-60-121', 3.67, NULL, '2025-08-29 05:18:38', NULL, NULL),
(1792, 77, '2022-1-60-122', 3.89, NULL, '2025-08-29 05:18:38', NULL, NULL),
(1793, 77, '2022-1-60-123', 3.94, NULL, '2025-08-29 05:18:38', NULL, NULL),
(1794, 77, '2022-1-60-124', 2.93, NULL, '2025-08-29 05:18:38', NULL, NULL),
(1795, 77, '2022-1-60-125', 2.97, NULL, '2025-08-29 05:18:38', NULL, NULL),
(1796, 77, '2022-1-60-126', 3.78, NULL, '2025-08-29 05:18:38', NULL, NULL),
(1797, 77, '2022-1-60-127', 3.66, NULL, '2025-08-29 05:18:38', NULL, NULL),
(1798, 77, '2022-1-60-128', 2.99, NULL, '2025-08-29 05:18:38', NULL, NULL),
(1799, 77, '2022-1-60-129', 3.55, NULL, '2025-08-29 05:18:38', NULL, NULL),
(1800, 77, '2022-1-60-132', 3.99, NULL, '2025-08-29 05:18:38', NULL, NULL),
(1801, 78, '2022-1-60-101', 3.07, NULL, '2025-08-29 05:43:05', NULL, NULL),
(1802, 78, '2022-1-60-102', 3.78, NULL, '2025-08-29 05:43:05', NULL, NULL),
(1803, 78, '2022-1-60-103', 3.45, NULL, '2025-08-29 05:43:05', NULL, NULL),
(1804, 78, '2022-1-60-104', 2.56, NULL, '2025-08-29 05:43:05', NULL, NULL),
(1805, 78, '2022-1-60-105', 2.78, NULL, '2025-08-29 05:43:05', NULL, NULL),
(1806, 78, '2022-1-60-106', 2.56, NULL, '2025-08-29 05:43:05', NULL, NULL),
(1807, 78, '2022-1-60-107', 3.40, NULL, '2025-08-29 05:43:05', NULL, NULL),
(1808, 78, '2022-1-60-108', 3.76, NULL, '2025-08-29 05:43:05', NULL, NULL),
(1809, 78, '2022-1-60-109', 2.67, NULL, '2025-08-29 05:43:05', NULL, NULL),
(1810, 78, '2022-1-60-110', 4.00, NULL, '2025-08-29 05:43:05', NULL, NULL),
(1811, 78, '2022-1-60-111', 3.56, NULL, '2025-08-29 05:43:05', NULL, NULL),
(1812, 78, '2022-1-60-112', 2.85, NULL, '2025-08-29 05:43:05', NULL, NULL),
(1813, 78, '2022-1-60-113', 2.75, NULL, '2025-08-29 05:43:05', NULL, NULL),
(1814, 78, '2022-1-60-114', 3.89, NULL, '2025-08-29 05:43:05', NULL, NULL),
(1815, 78, '2022-1-60-115', 3.65, NULL, '2025-08-29 05:43:05', NULL, NULL),
(1816, 78, '2022-1-60-116', 3.67, NULL, '2025-08-29 05:43:05', NULL, NULL),
(1817, 78, '2022-1-60-117', 3.45, NULL, '2025-08-29 05:43:05', NULL, NULL),
(1818, 78, '2022-1-60-118', 3.24, NULL, '2025-08-29 05:43:05', NULL, NULL),
(1819, 78, '2022-1-60-119', 3.12, NULL, '2025-08-29 05:43:05', NULL, NULL),
(1820, 78, '2022-1-60-120', 3.45, NULL, '2025-08-29 05:43:05', NULL, NULL),
(1821, 78, '2022-1-60-121', 3.67, NULL, '2025-08-29 05:43:05', NULL, NULL),
(1822, 78, '2022-1-60-122', 3.89, NULL, '2025-08-29 05:43:05', NULL, NULL),
(1823, 78, '2022-1-60-123', 3.94, NULL, '2025-08-29 05:43:05', NULL, NULL),
(1824, 78, '2022-1-60-124', 2.93, NULL, '2025-08-29 05:43:05', NULL, NULL),
(1825, 78, '2022-1-60-125', 2.97, NULL, '2025-08-29 05:43:05', NULL, NULL),
(1826, 78, '2022-1-60-126', 3.78, NULL, '2025-08-29 05:43:05', NULL, NULL),
(1827, 78, '2022-1-60-127', 3.66, NULL, '2025-08-29 05:43:05', NULL, NULL),
(1828, 78, '2022-1-60-128', 2.99, NULL, '2025-08-29 05:43:05', NULL, NULL),
(1829, 78, '2022-1-60-129', 3.55, NULL, '2025-08-29 05:43:05', NULL, NULL),
(1830, 78, '2022-1-60-132', 3.99, NULL, '2025-08-29 05:43:05', NULL, NULL),
(1831, 76, '', NULL, 28, '2025-08-29 05:44:43', NULL, NULL),
(1832, 79, '2022-1-60-101', 3.07, NULL, '2025-08-29 06:08:46', NULL, NULL),
(1833, 79, '2022-1-60-102', 3.78, NULL, '2025-08-29 06:08:46', NULL, NULL),
(1834, 79, '2022-1-60-103', 3.45, NULL, '2025-08-29 06:08:46', NULL, NULL),
(1835, 79, '2022-1-60-104', 2.56, NULL, '2025-08-29 06:08:46', NULL, NULL),
(1836, 79, '2022-1-60-105', 2.78, NULL, '2025-08-29 06:08:46', NULL, NULL),
(1837, 79, '2022-1-60-106', 2.56, NULL, '2025-08-29 06:08:46', NULL, NULL),
(1838, 79, '2022-1-60-107', 3.40, NULL, '2025-08-29 06:08:46', NULL, NULL),
(1839, 79, '2022-1-60-108', 3.76, NULL, '2025-08-29 06:08:46', NULL, NULL),
(1840, 79, '2022-1-60-109', 2.67, NULL, '2025-08-29 06:08:46', NULL, NULL),
(1841, 79, '2022-1-60-110', 4.00, NULL, '2025-08-29 06:08:46', NULL, NULL),
(1842, 79, '2022-1-60-111', 3.56, NULL, '2025-08-29 06:08:46', NULL, NULL),
(1843, 79, '2022-1-60-112', 2.85, NULL, '2025-08-29 06:08:46', NULL, NULL),
(1844, 79, '2022-1-60-113', 2.75, NULL, '2025-08-29 06:08:46', NULL, NULL),
(1845, 79, '2022-1-60-114', 3.89, NULL, '2025-08-29 06:08:46', NULL, NULL),
(1846, 79, '2022-1-60-115', 3.65, NULL, '2025-08-29 06:08:46', NULL, NULL),
(1847, 79, '2022-1-60-116', 3.67, NULL, '2025-08-29 06:08:46', NULL, NULL),
(1848, 79, '2022-1-60-117', 3.45, NULL, '2025-08-29 06:08:46', NULL, NULL),
(1849, 79, '2022-1-60-118', 3.24, NULL, '2025-08-29 06:08:46', NULL, NULL),
(1850, 79, '2022-1-60-119', 3.12, NULL, '2025-08-29 06:08:46', NULL, NULL),
(1851, 79, '2022-1-60-120', 3.45, NULL, '2025-08-29 06:08:46', NULL, NULL),
(1852, 79, '2022-1-60-121', 3.67, NULL, '2025-08-29 06:08:46', NULL, NULL),
(1853, 79, '2022-1-60-122', 3.89, NULL, '2025-08-29 06:08:46', NULL, NULL),
(1854, 79, '2022-1-60-123', 3.94, NULL, '2025-08-29 06:08:46', NULL, NULL),
(1855, 79, '2022-1-60-124', 2.93, NULL, '2025-08-29 06:08:46', NULL, NULL),
(1856, 79, '2022-1-60-125', 2.97, NULL, '2025-08-29 06:08:46', NULL, NULL),
(1857, 79, '2022-1-60-126', 3.78, NULL, '2025-08-29 06:08:46', NULL, NULL),
(1858, 79, '2022-1-60-127', 3.66, NULL, '2025-08-29 06:08:46', NULL, NULL),
(1859, 79, '2022-1-60-128', 2.99, NULL, '2025-08-29 06:08:46', NULL, NULL),
(1860, 79, '2022-1-60-129', 3.55, NULL, '2025-08-29 06:08:46', NULL, NULL),
(1861, 79, '2022-1-60-132', 3.99, NULL, '2025-08-29 06:08:46', NULL, NULL),
(1862, 79, '', NULL, 30, '2025-08-29 06:21:40', NULL, NULL),
(1863, 80, '2022-1-60-101', 3.07, NULL, '2025-08-29 06:31:20', NULL, NULL),
(1864, 80, '2022-1-60-102', 3.78, NULL, '2025-08-29 06:31:20', NULL, NULL),
(1865, 80, '2022-1-60-103', 3.45, NULL, '2025-08-29 06:31:20', NULL, NULL),
(1866, 80, '2022-1-60-104', 2.56, NULL, '2025-08-29 06:31:20', NULL, NULL),
(1867, 80, '2022-1-60-105', 2.78, NULL, '2025-08-29 06:31:20', NULL, NULL),
(1868, 80, '2022-1-60-106', 2.56, NULL, '2025-08-29 06:31:20', NULL, NULL),
(1869, 80, '2022-1-60-107', 3.40, NULL, '2025-08-29 06:31:20', NULL, NULL),
(1870, 80, '2022-1-60-108', 3.76, NULL, '2025-08-29 06:31:20', NULL, NULL),
(1871, 80, '2022-1-60-109', 2.67, NULL, '2025-08-29 06:31:20', NULL, NULL),
(1872, 80, '2022-1-60-110', 4.00, NULL, '2025-08-29 06:31:20', NULL, NULL),
(1873, 80, '2022-1-60-111', 3.56, NULL, '2025-08-29 06:31:20', NULL, NULL),
(1874, 80, '2022-1-60-112', 2.85, NULL, '2025-08-29 06:31:20', NULL, NULL),
(1875, 80, '2022-1-60-113', 2.75, NULL, '2025-08-29 06:31:20', NULL, NULL),
(1876, 80, '2022-1-60-114', 3.89, NULL, '2025-08-29 06:31:20', NULL, NULL),
(1877, 80, '2022-1-60-115', 3.65, NULL, '2025-08-29 06:31:20', NULL, NULL),
(1878, 80, '2022-1-60-116', 3.67, NULL, '2025-08-29 06:31:20', NULL, NULL),
(1879, 80, '2022-1-60-117', 3.45, NULL, '2025-08-29 06:31:20', NULL, NULL),
(1880, 80, '2022-1-60-118', 3.24, NULL, '2025-08-29 06:31:20', NULL, NULL),
(1881, 80, '2022-1-60-119', 3.12, NULL, '2025-08-29 06:31:20', NULL, NULL),
(1882, 80, '2022-1-60-120', 3.45, NULL, '2025-08-29 06:31:20', NULL, NULL),
(1883, 80, '2022-1-60-121', 3.67, NULL, '2025-08-29 06:31:20', NULL, NULL),
(1884, 80, '2022-1-60-122', 3.89, NULL, '2025-08-29 06:31:20', NULL, NULL),
(1885, 80, '2022-1-60-123', 3.94, NULL, '2025-08-29 06:31:20', NULL, NULL),
(1886, 80, '2022-1-60-124', 2.93, NULL, '2025-08-29 06:31:20', NULL, NULL),
(1887, 80, '2022-1-60-125', 2.97, NULL, '2025-08-29 06:31:20', NULL, NULL),
(1888, 80, '2022-1-60-126', 3.78, NULL, '2025-08-29 06:31:20', NULL, NULL),
(1889, 80, '2022-1-60-127', 3.66, NULL, '2025-08-29 06:31:20', NULL, NULL),
(1890, 80, '2022-1-60-128', 2.99, NULL, '2025-08-29 06:31:20', NULL, NULL),
(1891, 80, '2022-1-60-129', 3.55, NULL, '2025-08-29 06:31:20', NULL, NULL),
(1892, 80, '2022-1-60-132', 3.99, NULL, '2025-08-29 06:31:20', NULL, NULL),
(1893, 80, '', NULL, 28, '2025-08-29 06:31:39', NULL, NULL),
(1895, 81, '2022-1-60-101', 3.07, NULL, '2025-08-29 06:57:26', NULL, NULL),
(1896, 81, '2022-1-60-102', 3.78, NULL, '2025-08-29 06:57:26', NULL, NULL),
(1897, 81, '2022-1-60-103', 3.45, NULL, '2025-08-29 06:57:26', NULL, NULL),
(1898, 81, '2022-1-60-104', 2.56, NULL, '2025-08-29 06:57:26', NULL, NULL),
(1899, 81, '2022-1-60-105', 2.78, NULL, '2025-08-29 06:57:26', NULL, NULL),
(1900, 81, '2022-1-60-106', 2.56, NULL, '2025-08-29 06:57:26', NULL, NULL),
(1901, 81, '2022-1-60-107', 3.40, NULL, '2025-08-29 06:57:26', NULL, NULL),
(1902, 81, '2022-1-60-108', 3.76, NULL, '2025-08-29 06:57:26', NULL, NULL),
(1903, 81, '2022-1-60-109', 2.67, NULL, '2025-08-29 06:57:26', NULL, NULL),
(1904, 81, '2022-1-60-110', 4.00, NULL, '2025-08-29 06:57:26', NULL, NULL),
(1905, 81, '2022-1-60-111', 3.56, NULL, '2025-08-29 06:57:26', NULL, NULL),
(1906, 81, '2022-1-60-112', 2.85, NULL, '2025-08-29 06:57:26', NULL, NULL),
(1907, 81, '2022-1-60-113', 2.75, NULL, '2025-08-29 06:57:26', NULL, NULL),
(1908, 81, '2022-1-60-114', 3.89, NULL, '2025-08-29 06:57:26', NULL, NULL),
(1909, 81, '2022-1-60-115', 3.65, NULL, '2025-08-29 06:57:26', NULL, NULL),
(1910, 81, '2022-1-60-116', 3.67, NULL, '2025-08-29 06:57:26', NULL, NULL),
(1911, 81, '2022-1-60-117', 3.45, NULL, '2025-08-29 06:57:26', NULL, NULL),
(1912, 81, '2022-1-60-118', 3.24, NULL, '2025-08-29 06:57:26', NULL, NULL),
(1913, 81, '2022-1-60-119', 3.12, NULL, '2025-08-29 06:57:26', NULL, NULL),
(1914, 81, '2022-1-60-120', 3.45, NULL, '2025-08-29 06:57:26', NULL, NULL),
(1915, 81, '2022-1-60-121', 3.67, NULL, '2025-08-29 06:57:26', NULL, NULL),
(1916, 81, '2022-1-60-122', 3.89, NULL, '2025-08-29 06:57:26', NULL, NULL),
(1917, 81, '2022-1-60-123', 3.94, NULL, '2025-08-29 06:57:26', NULL, NULL),
(1918, 81, '2022-1-60-124', 2.93, NULL, '2025-08-29 06:57:26', NULL, NULL),
(1919, 81, '2022-1-60-125', 2.97, NULL, '2025-08-29 06:57:26', NULL, NULL),
(1920, 81, '2022-1-60-126', 3.78, NULL, '2025-08-29 06:57:26', NULL, NULL),
(1921, 81, '2022-1-60-127', 3.66, NULL, '2025-08-29 06:57:26', NULL, NULL),
(1922, 81, '2022-1-60-128', 2.99, NULL, '2025-08-29 06:57:26', NULL, NULL),
(1923, 81, '2022-1-60-129', 3.55, NULL, '2025-08-29 06:57:26', NULL, NULL),
(1924, 81, '2022-1-60-132', 3.99, NULL, '2025-08-29 06:57:26', NULL, NULL),
(1925, 82, '2022-1-60-101', 3.07, NULL, '2025-08-29 07:00:50', NULL, NULL),
(1926, 82, '2022-1-60-102', 3.78, NULL, '2025-08-29 07:00:50', NULL, NULL),
(1927, 82, '2022-1-60-103', 3.45, NULL, '2025-08-29 07:00:50', NULL, NULL),
(1928, 82, '2022-1-60-104', 2.56, NULL, '2025-08-29 07:00:50', NULL, NULL),
(1929, 82, '2022-1-60-105', 2.78, NULL, '2025-08-29 07:00:50', NULL, NULL),
(1930, 82, '2022-1-60-106', 2.56, NULL, '2025-08-29 07:00:50', NULL, NULL),
(1931, 82, '2022-1-60-107', 3.40, NULL, '2025-08-29 07:00:50', NULL, NULL),
(1932, 82, '2022-1-60-108', 3.76, NULL, '2025-08-29 07:00:50', NULL, NULL),
(1933, 82, '2022-1-60-109', 2.67, NULL, '2025-08-29 07:00:50', NULL, NULL),
(1934, 82, '2022-1-60-110', 4.00, NULL, '2025-08-29 07:00:50', NULL, NULL),
(1935, 82, '2022-1-60-111', 3.56, NULL, '2025-08-29 07:00:50', NULL, NULL),
(1936, 82, '2022-1-60-112', 2.85, NULL, '2025-08-29 07:00:50', NULL, NULL),
(1937, 82, '2022-1-60-113', 2.75, NULL, '2025-08-29 07:00:50', NULL, NULL),
(1938, 82, '2022-1-60-114', 3.89, NULL, '2025-08-29 07:00:50', NULL, NULL),
(1939, 82, '2022-1-60-115', 3.65, NULL, '2025-08-29 07:00:50', NULL, NULL),
(1940, 82, '2022-1-60-116', 3.67, NULL, '2025-08-29 07:00:50', NULL, NULL),
(1941, 82, '2022-1-60-117', 3.45, NULL, '2025-08-29 07:00:50', NULL, NULL),
(1942, 82, '2022-1-60-118', 3.24, NULL, '2025-08-29 07:00:50', NULL, NULL),
(1943, 82, '2022-1-60-119', 3.12, NULL, '2025-08-29 07:00:50', NULL, NULL),
(1944, 82, '2022-1-60-120', 3.45, NULL, '2025-08-29 07:00:50', NULL, NULL),
(1945, 82, '2022-1-60-121', 3.67, NULL, '2025-08-29 07:00:50', NULL, NULL),
(1946, 82, '2022-1-60-122', 3.89, NULL, '2025-08-29 07:00:50', NULL, NULL),
(1947, 82, '2022-1-60-123', 3.94, NULL, '2025-08-29 07:00:50', NULL, NULL),
(1948, 82, '2022-1-60-124', 2.93, NULL, '2025-08-29 07:00:50', NULL, NULL),
(1949, 82, '2022-1-60-125', 2.97, NULL, '2025-08-29 07:00:50', NULL, NULL),
(1950, 82, '2022-1-60-126', 3.78, NULL, '2025-08-29 07:00:50', NULL, NULL),
(1951, 82, '2022-1-60-127', 3.66, NULL, '2025-08-29 07:00:50', NULL, NULL),
(1952, 82, '2022-1-60-128', 2.99, NULL, '2025-08-29 07:00:50', NULL, NULL),
(1953, 82, '2022-1-60-129', 3.55, NULL, '2025-08-29 07:00:50', NULL, NULL),
(1954, 82, '2022-1-60-132', 3.99, NULL, '2025-08-29 07:00:50', NULL, NULL),
(1955, 83, '2022-1-60-101', 3.07, NULL, '2025-08-29 09:48:25', NULL, NULL),
(1956, 83, '2022-1-60-102', 3.78, NULL, '2025-08-29 09:48:25', NULL, NULL),
(1957, 83, '2022-1-60-103', 3.45, NULL, '2025-08-29 09:48:25', NULL, NULL),
(1958, 83, '2022-1-60-104', 2.56, NULL, '2025-08-29 09:48:25', NULL, NULL),
(1959, 83, '2022-1-60-105', 2.78, NULL, '2025-08-29 09:48:25', NULL, NULL),
(1960, 83, '2022-1-60-106', 2.56, NULL, '2025-08-29 09:48:25', NULL, NULL),
(1961, 83, '2022-1-60-107', 3.40, NULL, '2025-08-29 09:48:25', NULL, NULL),
(1962, 83, '2022-1-60-108', 3.76, NULL, '2025-08-29 09:48:25', NULL, NULL),
(1963, 83, '2022-1-60-109', 2.67, NULL, '2025-08-29 09:48:25', NULL, NULL),
(1964, 83, '2022-1-60-110', 4.00, NULL, '2025-08-29 09:48:25', NULL, NULL),
(1965, 83, '2022-1-60-111', 3.56, NULL, '2025-08-29 09:48:25', NULL, NULL),
(1966, 83, '2022-1-60-112', 2.85, NULL, '2025-08-29 09:48:25', NULL, NULL),
(1967, 83, '2022-1-60-113', 2.75, NULL, '2025-08-29 09:48:25', NULL, NULL),
(1968, 83, '2022-1-60-114', 3.89, NULL, '2025-08-29 09:48:25', NULL, NULL),
(1969, 83, '2022-1-60-115', 3.65, NULL, '2025-08-29 09:48:25', NULL, NULL),
(1970, 83, '2022-1-60-116', 3.67, NULL, '2025-08-29 09:48:25', NULL, NULL),
(1971, 83, '2022-1-60-117', 3.45, NULL, '2025-08-29 09:48:25', NULL, NULL),
(1972, 83, '2022-1-60-118', 3.24, NULL, '2025-08-29 09:48:25', NULL, NULL),
(1973, 83, '2022-1-60-119', 3.12, NULL, '2025-08-29 09:48:25', NULL, NULL),
(1974, 83, '2022-1-60-120', 3.45, NULL, '2025-08-29 09:48:25', NULL, NULL),
(1975, 83, '2022-1-60-121', 3.67, NULL, '2025-08-29 09:48:25', NULL, NULL),
(1976, 83, '2022-1-60-122', 3.89, NULL, '2025-08-29 09:48:25', NULL, NULL),
(1977, 83, '2022-1-60-123', 3.94, NULL, '2025-08-29 09:48:25', NULL, NULL),
(1978, 83, '2022-1-60-124', 2.93, NULL, '2025-08-29 09:48:25', NULL, NULL),
(1979, 83, '2022-1-60-125', 2.97, NULL, '2025-08-29 09:48:25', NULL, NULL),
(1980, 83, '2022-1-60-126', 3.78, NULL, '2025-08-29 09:48:25', NULL, NULL),
(1981, 83, '2022-1-60-127', 3.66, 32, '2025-08-29 09:48:25', '2025-08-29 09:50:10', NULL),
(1982, 83, '2022-1-60-128', 2.99, NULL, '2025-08-29 09:48:25', NULL, NULL),
(1983, 83, '2022-1-60-129', 3.55, NULL, '2025-08-29 09:48:25', NULL, NULL),
(1984, 83, '2022-1-60-132', 3.99, NULL, '2025-08-29 09:48:25', NULL, NULL),
(1985, 84, '2022-1-60-101', 3.07, NULL, '2025-08-29 09:55:24', NULL, NULL),
(1986, 84, '2022-1-60-102', 3.78, NULL, '2025-08-29 09:55:24', NULL, NULL),
(1987, 84, '2022-1-60-103', 3.45, NULL, '2025-08-29 09:55:24', NULL, NULL),
(1988, 84, '2022-1-60-104', 2.56, NULL, '2025-08-29 09:55:24', NULL, NULL),
(1989, 84, '2022-1-60-105', 2.78, NULL, '2025-08-29 09:55:24', NULL, NULL),
(1990, 84, '2022-1-60-106', 2.56, NULL, '2025-08-29 09:55:24', NULL, NULL),
(1991, 84, '2022-1-60-107', 3.40, NULL, '2025-08-29 09:55:24', NULL, NULL),
(1992, 84, '2022-1-60-108', 3.76, NULL, '2025-08-29 09:55:24', NULL, NULL),
(1993, 84, '2022-1-60-109', 2.67, NULL, '2025-08-29 09:55:24', NULL, NULL),
(1994, 84, '2022-1-60-110', 4.00, 35, '2025-08-29 09:55:24', '2025-08-29 09:57:53', NULL),
(1995, 84, '2022-1-60-111', 3.56, NULL, '2025-08-29 09:55:24', NULL, NULL),
(1996, 84, '2022-1-60-112', 2.85, NULL, '2025-08-29 09:55:24', NULL, NULL),
(1997, 84, '2022-1-60-113', 2.75, NULL, '2025-08-29 09:55:24', NULL, NULL),
(1998, 84, '2022-1-60-114', 3.89, NULL, '2025-08-29 09:55:24', NULL, NULL),
(1999, 84, '2022-1-60-115', 3.65, NULL, '2025-08-29 09:55:24', NULL, NULL),
(2000, 84, '2022-1-60-116', 3.67, NULL, '2025-08-29 09:55:24', NULL, NULL),
(2001, 84, '2022-1-60-117', 3.45, NULL, '2025-08-29 09:55:24', NULL, NULL),
(2002, 84, '2022-1-60-118', 3.24, NULL, '2025-08-29 09:55:24', NULL, NULL),
(2003, 84, '2022-1-60-119', 3.12, NULL, '2025-08-29 09:55:24', NULL, NULL),
(2004, 84, '2022-1-60-120', 3.45, NULL, '2025-08-29 09:55:24', NULL, NULL),
(2005, 84, '2022-1-60-121', 3.67, NULL, '2025-08-29 09:55:24', NULL, NULL),
(2006, 84, '2022-1-60-122', 3.89, NULL, '2025-08-29 09:55:24', NULL, NULL),
(2007, 84, '2022-1-60-123', 3.94, NULL, '2025-08-29 09:55:24', NULL, NULL),
(2008, 84, '2022-1-60-124', 2.93, NULL, '2025-08-29 09:55:24', NULL, NULL),
(2009, 84, '2022-1-60-125', 2.97, NULL, '2025-08-29 09:55:24', NULL, NULL),
(2010, 84, '2022-1-60-126', 3.78, NULL, '2025-08-29 09:55:24', NULL, NULL),
(2011, 84, '2022-1-60-127', 3.66, NULL, '2025-08-29 09:55:24', NULL, NULL),
(2012, 84, '2022-1-60-128', 2.99, NULL, '2025-08-29 09:55:24', NULL, NULL),
(2013, 84, '2022-1-60-129', 3.55, NULL, '2025-08-29 09:55:24', NULL, NULL),
(2014, 84, '2022-1-60-132', 3.99, NULL, '2025-08-29 09:55:24', NULL, NULL),
(2015, 85, '2022-1-60-101', 3.07, NULL, '2025-08-29 12:48:24', NULL, NULL),
(2016, 85, '2022-1-60-102', 3.78, NULL, '2025-08-29 12:48:24', NULL, NULL),
(2017, 85, '2022-1-60-103', 3.45, NULL, '2025-08-29 12:48:24', NULL, NULL),
(2018, 85, '2022-1-60-104', 2.56, NULL, '2025-08-29 12:48:24', NULL, NULL),
(2019, 85, '2022-1-60-105', 2.78, NULL, '2025-08-29 12:48:24', NULL, NULL),
(2020, 85, '2022-1-60-106', 2.56, NULL, '2025-08-29 12:48:24', NULL, NULL),
(2021, 85, '2022-1-60-107', 3.40, NULL, '2025-08-29 12:48:24', NULL, NULL),
(2022, 85, '2022-1-60-108', 3.76, NULL, '2025-08-29 12:48:24', NULL, NULL),
(2023, 85, '2022-1-60-109', 2.67, NULL, '2025-08-29 12:48:24', NULL, NULL),
(2024, 85, '2022-1-60-110', 4.00, NULL, '2025-08-29 12:48:24', NULL, NULL),
(2025, 85, '2022-1-60-111', 3.56, NULL, '2025-08-29 12:48:24', NULL, NULL),
(2026, 85, '2022-1-60-112', 2.85, NULL, '2025-08-29 12:48:24', NULL, NULL),
(2027, 85, '2022-1-60-113', 2.75, NULL, '2025-08-29 12:48:24', NULL, NULL),
(2028, 85, '2022-1-60-114', 3.89, NULL, '2025-08-29 12:48:24', NULL, NULL),
(2029, 85, '2022-1-60-115', 3.65, NULL, '2025-08-29 12:48:24', NULL, NULL),
(2030, 85, '2022-1-60-116', 3.67, NULL, '2025-08-29 12:48:24', NULL, NULL),
(2031, 85, '2022-1-60-117', 3.45, NULL, '2025-08-29 12:48:24', NULL, NULL),
(2032, 85, '2022-1-60-118', 3.24, NULL, '2025-08-29 12:48:24', NULL, NULL),
(2033, 85, '2022-1-60-119', 3.12, NULL, '2025-08-29 12:48:24', NULL, NULL),
(2034, 85, '2022-1-60-120', 3.45, NULL, '2025-08-29 12:48:24', NULL, NULL),
(2035, 85, '2022-1-60-121', 3.67, NULL, '2025-08-29 12:48:24', NULL, NULL),
(2036, 85, '2022-1-60-122', 3.89, NULL, '2025-08-29 12:48:24', NULL, NULL),
(2037, 85, '2022-1-60-123', 3.94, NULL, '2025-08-29 12:48:24', NULL, NULL),
(2038, 85, '2022-1-60-124', 2.93, NULL, '2025-08-29 12:48:24', NULL, NULL),
(2039, 85, '2022-1-60-125', 2.97, NULL, '2025-08-29 12:48:24', NULL, NULL);
INSERT INTO `course_enrollments` (`id`, `course_id`, `student_university_id`, `student_cgpa`, `user_id`, `created_at`, `updated_at`, `group_id`) VALUES
(2040, 85, '2022-1-60-126', 3.78, NULL, '2025-08-29 12:48:24', NULL, NULL),
(2041, 85, '2022-1-60-127', 3.66, NULL, '2025-08-29 12:48:24', NULL, NULL),
(2042, 85, '2022-1-60-128', 2.99, NULL, '2025-08-29 12:48:24', NULL, NULL),
(2043, 85, '2022-1-60-129', 3.55, NULL, '2025-08-29 12:48:24', NULL, NULL),
(2044, 85, '2022-1-60-132', 3.99, NULL, '2025-08-29 12:48:24', NULL, NULL),
(2045, 86, '2022-1-60-101', 3.07, 37, '2025-08-29 13:29:20', '2025-08-29 13:31:31', NULL),
(2046, 86, '2022-1-60-102', 3.78, NULL, '2025-08-29 13:29:20', NULL, NULL),
(2047, 86, '2022-1-60-103', 3.45, NULL, '2025-08-29 13:29:20', NULL, NULL),
(2048, 86, '2022-1-60-104', 2.56, NULL, '2025-08-29 13:29:20', NULL, NULL),
(2049, 86, '2022-1-60-105', 2.78, NULL, '2025-08-29 13:29:20', NULL, NULL),
(2050, 86, '2022-1-60-106', 2.56, NULL, '2025-08-29 13:29:20', NULL, NULL),
(2051, 86, '2022-1-60-107', 3.40, NULL, '2025-08-29 13:29:20', NULL, NULL),
(2052, 86, '2022-1-60-108', 3.76, NULL, '2025-08-29 13:29:20', NULL, NULL),
(2053, 86, '2022-1-60-109', 2.67, NULL, '2025-08-29 13:29:20', NULL, NULL),
(2054, 86, '2022-1-60-110', 4.00, NULL, '2025-08-29 13:29:20', NULL, NULL),
(2055, 86, '2022-1-60-111', 3.56, NULL, '2025-08-29 13:29:20', NULL, NULL),
(2056, 86, '2022-1-60-112', 2.85, NULL, '2025-08-29 13:29:20', NULL, NULL),
(2057, 86, '2022-1-60-113', 2.75, NULL, '2025-08-29 13:29:20', NULL, NULL),
(2058, 86, '2022-1-60-114', 3.89, NULL, '2025-08-29 13:29:20', NULL, NULL),
(2059, 86, '2022-1-60-115', 3.65, NULL, '2025-08-29 13:29:20', NULL, NULL),
(2060, 86, '2022-1-60-116', 3.67, NULL, '2025-08-29 13:29:20', NULL, NULL),
(2061, 86, '2022-1-60-117', 3.45, NULL, '2025-08-29 13:29:20', NULL, NULL),
(2062, 86, '2022-1-60-118', 3.24, NULL, '2025-08-29 13:29:20', NULL, NULL),
(2063, 86, '2022-1-60-119', 3.12, NULL, '2025-08-29 13:29:20', NULL, NULL),
(2064, 86, '2022-1-60-120', 3.45, NULL, '2025-08-29 13:29:20', NULL, NULL),
(2065, 86, '2022-1-60-121', 3.67, NULL, '2025-08-29 13:29:20', NULL, NULL),
(2066, 86, '2022-1-60-122', 3.89, NULL, '2025-08-29 13:29:20', NULL, NULL),
(2067, 86, '2022-1-60-123', 3.94, NULL, '2025-08-29 13:29:20', NULL, NULL),
(2068, 86, '2022-1-60-124', 2.93, NULL, '2025-08-29 13:29:20', NULL, NULL),
(2069, 86, '2022-1-60-125', 2.97, NULL, '2025-08-29 13:29:20', NULL, NULL),
(2070, 86, '2022-1-60-126', 3.78, NULL, '2025-08-29 13:29:20', NULL, NULL),
(2071, 86, '2022-1-60-127', 3.66, NULL, '2025-08-29 13:29:20', NULL, NULL),
(2072, 86, '2022-1-60-128', 2.99, NULL, '2025-08-29 13:29:20', NULL, NULL),
(2073, 86, '2022-1-60-129', 3.55, NULL, '2025-08-29 13:29:20', NULL, NULL),
(2074, 86, '2022-1-60-132', 3.99, NULL, '2025-08-29 13:29:20', NULL, NULL),
(2075, 87, '2022-1-60-101', 3.07, NULL, '2025-08-29 13:39:39', NULL, NULL),
(2076, 87, '2022-1-60-102', 3.78, NULL, '2025-08-29 13:39:39', NULL, NULL),
(2077, 87, '2022-1-60-103', 3.45, NULL, '2025-08-29 13:39:39', NULL, NULL),
(2078, 87, '2022-1-60-104', 2.56, NULL, '2025-08-29 13:39:39', NULL, NULL),
(2079, 87, '2022-1-60-105', 2.78, NULL, '2025-08-29 13:39:39', NULL, NULL),
(2080, 87, '2022-1-60-106', 2.56, NULL, '2025-08-29 13:39:39', NULL, NULL),
(2081, 87, '2022-1-60-107', 3.40, NULL, '2025-08-29 13:39:39', NULL, NULL),
(2082, 87, '2022-1-60-108', 3.76, NULL, '2025-08-29 13:39:39', NULL, NULL),
(2083, 87, '2022-1-60-109', 2.67, NULL, '2025-08-29 13:39:39', NULL, NULL),
(2084, 87, '2022-1-60-110', 4.00, NULL, '2025-08-29 13:39:39', NULL, NULL),
(2085, 87, '2022-1-60-111', 3.56, NULL, '2025-08-29 13:39:39', NULL, NULL),
(2086, 87, '2022-1-60-112', 2.85, NULL, '2025-08-29 13:39:39', NULL, NULL),
(2087, 87, '2022-1-60-113', 2.75, NULL, '2025-08-29 13:39:39', NULL, NULL),
(2088, 87, '2022-1-60-114', 3.89, NULL, '2025-08-29 13:39:39', NULL, NULL),
(2089, 87, '2022-1-60-115', 3.65, NULL, '2025-08-29 13:39:39', NULL, NULL),
(2090, 87, '2022-1-60-116', 3.67, NULL, '2025-08-29 13:39:39', NULL, NULL),
(2091, 87, '2022-1-60-117', 3.45, NULL, '2025-08-29 13:39:39', NULL, NULL),
(2092, 87, '2022-1-60-118', 3.24, NULL, '2025-08-29 13:39:39', NULL, NULL),
(2093, 87, '2022-1-60-119', 3.12, NULL, '2025-08-29 13:39:39', NULL, NULL),
(2094, 87, '2022-1-60-120', 3.45, NULL, '2025-08-29 13:39:39', NULL, NULL),
(2095, 87, '2022-1-60-121', 3.67, NULL, '2025-08-29 13:39:39', NULL, NULL),
(2096, 87, '2022-1-60-122', 3.89, NULL, '2025-08-29 13:39:39', NULL, NULL),
(2097, 87, '2022-1-60-123', 3.94, NULL, '2025-08-29 13:39:39', NULL, NULL),
(2098, 87, '2022-1-60-124', 2.93, NULL, '2025-08-29 13:39:39', NULL, NULL),
(2099, 87, '2022-1-60-125', 2.97, NULL, '2025-08-29 13:39:39', NULL, NULL),
(2100, 87, '2022-1-60-126', 3.78, NULL, '2025-08-29 13:39:39', NULL, NULL),
(2101, 87, '2022-1-60-127', 3.66, NULL, '2025-08-29 13:39:39', NULL, NULL),
(2102, 87, '2022-1-60-128', 2.99, NULL, '2025-08-29 13:39:39', NULL, NULL),
(2103, 87, '2022-1-60-129', 3.55, NULL, '2025-08-29 13:39:39', NULL, NULL),
(2104, 87, '2022-1-60-132', 3.99, NULL, '2025-08-29 13:39:39', NULL, NULL),
(2105, 88, '2022-1-60-101', 3.07, NULL, '2025-08-29 15:20:20', NULL, NULL),
(2106, 88, '2022-1-60-102', 3.78, NULL, '2025-08-29 15:20:20', NULL, NULL),
(2107, 88, '2022-1-60-103', 3.45, NULL, '2025-08-29 15:20:20', NULL, NULL),
(2108, 88, '2022-1-60-104', 2.56, NULL, '2025-08-29 15:20:20', NULL, NULL),
(2109, 88, '2022-1-60-105', 2.78, NULL, '2025-08-29 15:20:20', NULL, NULL),
(2110, 88, '2022-1-60-106', 2.56, NULL, '2025-08-29 15:20:20', NULL, NULL),
(2111, 88, '2022-1-60-107', 3.40, NULL, '2025-08-29 15:20:20', NULL, NULL),
(2112, 88, '2022-1-60-108', 3.76, NULL, '2025-08-29 15:20:20', NULL, NULL),
(2113, 88, '2022-1-60-109', 2.67, NULL, '2025-08-29 15:20:20', NULL, NULL),
(2114, 88, '2022-1-60-110', 4.00, NULL, '2025-08-29 15:20:20', NULL, NULL),
(2115, 88, '2022-1-60-111', 3.56, NULL, '2025-08-29 15:20:20', NULL, NULL),
(2116, 88, '2022-1-60-112', 2.85, NULL, '2025-08-29 15:20:20', NULL, NULL),
(2117, 88, '2022-1-60-113', 2.75, NULL, '2025-08-29 15:20:20', NULL, NULL),
(2118, 88, '2022-1-60-114', 3.89, NULL, '2025-08-29 15:20:20', NULL, NULL),
(2119, 88, '2022-1-60-115', 3.65, NULL, '2025-08-29 15:20:20', NULL, NULL),
(2120, 88, '2022-1-60-116', 3.67, NULL, '2025-08-29 15:20:20', NULL, NULL),
(2121, 88, '2022-1-60-117', 3.45, NULL, '2025-08-29 15:20:20', NULL, NULL),
(2122, 88, '2022-1-60-118', 3.24, NULL, '2025-08-29 15:20:20', NULL, NULL),
(2123, 88, '2022-1-60-119', 3.12, NULL, '2025-08-29 15:20:20', NULL, NULL),
(2124, 88, '2022-1-60-120', 3.45, NULL, '2025-08-29 15:20:20', NULL, NULL),
(2125, 88, '2022-1-60-121', 3.67, NULL, '2025-08-29 15:20:20', NULL, NULL),
(2126, 88, '2022-1-60-122', 3.89, NULL, '2025-08-29 15:20:20', NULL, NULL),
(2127, 88, '2022-1-60-123', 3.94, NULL, '2025-08-29 15:20:20', NULL, NULL),
(2128, 88, '2022-1-60-124', 2.93, NULL, '2025-08-29 15:20:20', NULL, NULL),
(2129, 88, '2022-1-60-125', 2.97, NULL, '2025-08-29 15:20:20', NULL, NULL),
(2130, 88, '2022-1-60-126', 3.78, NULL, '2025-08-29 15:20:20', NULL, NULL),
(2131, 88, '2022-1-60-127', 3.66, NULL, '2025-08-29 15:20:20', NULL, NULL),
(2132, 88, '2022-1-60-128', 2.99, NULL, '2025-08-29 15:20:20', NULL, NULL),
(2133, 88, '2022-1-60-129', 3.55, NULL, '2025-08-29 15:20:20', NULL, NULL),
(2134, 88, '2022-1-60-132', 3.99, NULL, '2025-08-29 15:20:20', NULL, NULL),
(2135, 89, '2022-1-60-101', 3.07, NULL, '2025-08-29 15:21:50', NULL, NULL),
(2136, 89, '2022-1-60-102', 3.78, NULL, '2025-08-29 15:21:50', NULL, NULL),
(2137, 89, '2022-1-60-103', 3.45, NULL, '2025-08-29 15:21:50', NULL, NULL),
(2138, 89, '2022-1-60-104', 2.56, NULL, '2025-08-29 15:21:50', NULL, NULL),
(2139, 89, '2022-1-60-105', 2.78, NULL, '2025-08-29 15:21:50', NULL, NULL),
(2140, 89, '2022-1-60-106', 2.56, NULL, '2025-08-29 15:21:50', NULL, NULL),
(2141, 89, '2022-1-60-107', 3.40, NULL, '2025-08-29 15:21:50', NULL, NULL),
(2142, 89, '2022-1-60-108', 3.76, NULL, '2025-08-29 15:21:50', NULL, NULL),
(2143, 89, '2022-1-60-109', 2.67, NULL, '2025-08-29 15:21:50', NULL, NULL),
(2144, 89, '2022-1-60-110', 4.00, NULL, '2025-08-29 15:21:50', NULL, NULL),
(2145, 89, '2022-1-60-111', 3.56, NULL, '2025-08-29 15:21:50', NULL, NULL),
(2146, 89, '2022-1-60-112', 2.85, NULL, '2025-08-29 15:21:50', NULL, NULL),
(2147, 89, '2022-1-60-113', 2.75, NULL, '2025-08-29 15:21:50', NULL, NULL),
(2148, 89, '2022-1-60-114', 3.89, NULL, '2025-08-29 15:21:50', NULL, NULL),
(2149, 89, '2022-1-60-115', 3.65, NULL, '2025-08-29 15:21:50', NULL, NULL),
(2150, 89, '2022-1-60-116', 3.67, NULL, '2025-08-29 15:21:50', NULL, NULL),
(2151, 89, '2022-1-60-117', 3.45, NULL, '2025-08-29 15:21:50', NULL, NULL),
(2152, 89, '2022-1-60-118', 3.24, NULL, '2025-08-29 15:21:50', NULL, NULL),
(2153, 89, '2022-1-60-119', 3.12, NULL, '2025-08-29 15:21:50', NULL, NULL),
(2154, 89, '2022-1-60-120', 3.45, NULL, '2025-08-29 15:21:50', NULL, NULL),
(2155, 89, '2022-1-60-121', 3.67, NULL, '2025-08-29 15:21:50', NULL, NULL),
(2156, 89, '2022-1-60-122', 3.89, NULL, '2025-08-29 15:21:50', NULL, NULL),
(2157, 89, '2022-1-60-123', 3.94, NULL, '2025-08-29 15:21:50', NULL, NULL),
(2158, 89, '2022-1-60-124', 2.93, NULL, '2025-08-29 15:21:50', NULL, NULL),
(2159, 89, '2022-1-60-125', 2.97, NULL, '2025-08-29 15:21:50', NULL, NULL),
(2160, 89, '2022-1-60-126', 3.78, NULL, '2025-08-29 15:21:50', NULL, NULL),
(2161, 89, '2022-1-60-127', 3.66, NULL, '2025-08-29 15:21:50', NULL, NULL),
(2162, 89, '2022-1-60-128', 2.99, NULL, '2025-08-29 15:21:50', NULL, NULL),
(2163, 89, '2022-1-60-129', 3.55, NULL, '2025-08-29 15:21:50', NULL, NULL),
(2164, 89, '2022-1-60-132', 3.99, NULL, '2025-08-29 15:21:50', NULL, NULL),
(2165, 90, '2023-1-60-101', 3.07, NULL, '2025-08-29 19:05:10', NULL, NULL),
(2166, 90, '2023-1-60-102', 3.78, NULL, '2025-08-29 19:05:10', NULL, NULL),
(2167, 90, '2023-1-60-103', 3.45, NULL, '2025-08-29 19:05:10', NULL, NULL),
(2168, 90, '2023-1-60-104', 2.56, NULL, '2025-08-29 19:05:10', NULL, NULL),
(2169, 90, '2023-1-60-105', 2.78, NULL, '2025-08-29 19:05:10', NULL, NULL),
(2170, 90, '2023-1-60-106', 2.56, NULL, '2025-08-29 19:05:10', NULL, NULL),
(2171, 90, '2023-1-60-107', 3.40, NULL, '2025-08-29 19:05:10', NULL, NULL),
(2172, 90, '2023-1-60-108', 3.76, NULL, '2025-08-29 19:05:10', NULL, NULL),
(2173, 90, '2023-1-60-109', 2.67, NULL, '2025-08-29 19:05:10', NULL, NULL),
(2174, 90, '2023-1-60-110', 4.00, NULL, '2025-08-29 19:05:10', NULL, NULL),
(2175, 90, '2023-1-60-111', 3.56, NULL, '2025-08-29 19:05:10', NULL, NULL),
(2176, 90, '2023-1-60-112', 2.85, NULL, '2025-08-29 19:05:10', NULL, NULL),
(2177, 90, '2023-1-60-113', 2.75, NULL, '2025-08-29 19:05:10', NULL, NULL),
(2178, 90, '2023-1-60-114', 3.89, NULL, '2025-08-29 19:05:10', NULL, NULL),
(2179, 90, '2023-1-60-115', 3.65, NULL, '2025-08-29 19:05:10', NULL, NULL),
(2180, 90, '2023-1-60-116', 3.67, NULL, '2025-08-29 19:05:10', NULL, NULL),
(2181, 90, '2023-1-60-117', 3.45, NULL, '2025-08-29 19:05:10', NULL, NULL),
(2182, 90, '2023-1-60-118', 3.24, NULL, '2025-08-29 19:05:10', NULL, NULL),
(2183, 90, '2023-1-60-119', 3.12, NULL, '2025-08-29 19:05:10', NULL, NULL),
(2184, 90, '2023-1-60-120', 3.45, NULL, '2025-08-29 19:05:10', NULL, NULL),
(2185, 90, '2023-1-60-121', 3.67, NULL, '2025-08-29 19:05:10', NULL, NULL),
(2186, 90, '2023-1-60-122', 3.89, NULL, '2025-08-29 19:05:10', NULL, NULL),
(2187, 90, '2023-1-60-123', 3.94, NULL, '2025-08-29 19:05:10', NULL, NULL),
(2188, 90, '2023-1-60-124', 2.93, NULL, '2025-08-29 19:05:10', NULL, NULL),
(2189, 90, '2023-1-60-125', 2.97, NULL, '2025-08-29 19:05:10', NULL, NULL),
(2190, 90, '2023-1-60-126', 3.78, NULL, '2025-08-29 19:05:10', NULL, NULL),
(2191, 90, '2023-1-60-127', 3.66, NULL, '2025-08-29 19:05:10', NULL, NULL),
(2192, 90, '2023-1-60-128', 2.99, NULL, '2025-08-29 19:05:10', NULL, NULL),
(2193, 90, '2023-1-60-129', 3.55, NULL, '2025-08-29 19:05:10', NULL, NULL),
(2194, 90, '2023-1-60-132', 3.99, NULL, '2025-08-29 19:05:10', NULL, NULL),
(2195, 91, '2022-1-60-101', 3.07, NULL, '2025-08-29 19:27:58', NULL, NULL),
(2196, 91, '2022-1-60-102', 3.78, NULL, '2025-08-29 19:27:58', NULL, NULL),
(2197, 91, '2022-1-60-103', 3.45, NULL, '2025-08-29 19:27:58', NULL, NULL),
(2198, 91, '2022-1-60-104', 2.56, NULL, '2025-08-29 19:27:58', NULL, NULL),
(2199, 91, '2022-1-60-105', 2.78, NULL, '2025-08-29 19:27:58', NULL, NULL),
(2200, 91, '2022-1-60-106', 2.56, NULL, '2025-08-29 19:27:58', NULL, NULL),
(2201, 91, '2022-1-60-107', 3.40, NULL, '2025-08-29 19:27:58', NULL, NULL),
(2202, 91, '2022-1-60-108', 3.76, NULL, '2025-08-29 19:27:58', NULL, NULL),
(2203, 91, '2022-1-60-109', 2.67, NULL, '2025-08-29 19:27:58', NULL, NULL),
(2204, 91, '2022-1-60-110', 4.00, NULL, '2025-08-29 19:27:58', NULL, NULL),
(2205, 91, '2022-1-60-111', 3.56, NULL, '2025-08-29 19:27:58', NULL, NULL),
(2206, 91, '2022-1-60-112', 2.85, NULL, '2025-08-29 19:27:58', NULL, NULL),
(2207, 91, '2022-1-60-113', 2.75, NULL, '2025-08-29 19:27:58', NULL, NULL),
(2208, 91, '2022-1-60-114', 3.89, NULL, '2025-08-29 19:27:58', NULL, NULL),
(2209, 91, '2022-1-60-115', 3.65, NULL, '2025-08-29 19:27:58', NULL, NULL),
(2210, 91, '2022-1-60-116', 3.67, NULL, '2025-08-29 19:27:58', NULL, NULL),
(2211, 91, '2022-1-60-117', 3.45, NULL, '2025-08-29 19:27:58', NULL, NULL),
(2212, 91, '2022-1-60-118', 3.24, NULL, '2025-08-29 19:27:58', NULL, NULL),
(2213, 91, '2022-1-60-119', 3.12, NULL, '2025-08-29 19:27:58', NULL, NULL),
(2214, 91, '2022-1-60-120', 3.45, NULL, '2025-08-29 19:27:58', NULL, NULL),
(2215, 91, '2022-1-60-121', 3.67, NULL, '2025-08-29 19:27:58', NULL, NULL),
(2216, 91, '2022-1-60-122', 3.89, NULL, '2025-08-29 19:27:58', NULL, NULL),
(2217, 91, '2022-1-60-123', 3.94, NULL, '2025-08-29 19:27:58', NULL, NULL),
(2218, 91, '2022-1-60-124', 2.93, NULL, '2025-08-29 19:27:58', NULL, NULL),
(2219, 91, '2022-1-60-125', 2.97, NULL, '2025-08-29 19:27:58', NULL, NULL),
(2220, 91, '2022-1-60-126', 3.78, NULL, '2025-08-29 19:27:58', NULL, NULL),
(2221, 91, '2022-1-60-127', 3.66, NULL, '2025-08-29 19:27:58', NULL, NULL),
(2222, 91, '2022-1-60-128', 2.99, NULL, '2025-08-29 19:27:58', NULL, NULL),
(2223, 91, '2022-1-60-129', 3.55, NULL, '2025-08-29 19:27:58', NULL, NULL),
(2224, 91, '2022-1-60-132', 3.99, NULL, '2025-08-29 19:27:58', NULL, NULL),
(2225, 92, '2022-1-60-101', 3.07, NULL, '2025-08-29 20:05:47', NULL, NULL),
(2226, 92, '2022-1-60-102', 3.78, 40, '2025-08-29 20:05:47', '2025-08-29 22:16:02', NULL),
(2227, 92, '2022-1-60-103', 3.45, NULL, '2025-08-29 20:05:47', NULL, NULL),
(2228, 92, '2022-1-60-104', 2.56, NULL, '2025-08-29 20:05:47', NULL, NULL),
(2229, 92, '2022-1-60-105', 2.78, NULL, '2025-08-29 20:05:47', NULL, NULL),
(2230, 92, '2022-1-60-106', 2.56, NULL, '2025-08-29 20:05:47', NULL, NULL),
(2231, 92, '2022-1-60-107', 3.40, NULL, '2025-08-29 20:05:47', NULL, NULL),
(2232, 92, '2022-1-60-108', 3.76, NULL, '2025-08-29 20:05:47', NULL, NULL),
(2233, 92, '2022-1-60-109', 2.67, NULL, '2025-08-29 20:05:47', NULL, NULL),
(2234, 92, '2022-1-60-110', 4.00, NULL, '2025-08-29 20:05:47', NULL, NULL),
(2235, 92, '2022-1-60-111', 3.56, NULL, '2025-08-29 20:05:47', NULL, NULL),
(2236, 92, '2022-1-60-112', 2.85, NULL, '2025-08-29 20:05:47', NULL, NULL),
(2237, 92, '2022-1-60-113', 2.75, NULL, '2025-08-29 20:05:47', NULL, NULL),
(2238, 92, '2022-1-60-114', 3.89, NULL, '2025-08-29 20:05:47', NULL, NULL),
(2239, 92, '2022-1-60-115', 3.65, NULL, '2025-08-29 20:05:47', NULL, NULL),
(2240, 92, '2022-1-60-116', 3.67, NULL, '2025-08-29 20:05:47', NULL, NULL),
(2241, 92, '2022-1-60-117', 3.45, NULL, '2025-08-29 20:05:47', NULL, NULL),
(2242, 92, '2022-1-60-118', 3.24, NULL, '2025-08-29 20:05:47', NULL, NULL),
(2243, 92, '2022-1-60-119', 3.12, NULL, '2025-08-29 20:05:47', NULL, NULL),
(2244, 92, '2022-1-60-120', 3.45, NULL, '2025-08-29 20:05:47', NULL, NULL),
(2245, 92, '2022-1-60-121', 3.67, NULL, '2025-08-29 20:05:47', NULL, NULL),
(2246, 92, '2022-1-60-122', 3.89, NULL, '2025-08-29 20:05:47', NULL, NULL),
(2247, 92, '2022-1-60-123', 3.94, NULL, '2025-08-29 20:05:47', NULL, NULL),
(2248, 92, '2022-1-60-124', 2.93, NULL, '2025-08-29 20:05:47', NULL, NULL),
(2249, 92, '2022-1-60-125', 2.97, NULL, '2025-08-29 20:05:47', NULL, NULL),
(2250, 92, '2022-1-60-126', 3.78, NULL, '2025-08-29 20:05:47', NULL, NULL),
(2251, 92, '2022-1-60-127', 3.66, NULL, '2025-08-29 20:05:47', NULL, NULL),
(2252, 92, '2022-1-60-128', 2.99, NULL, '2025-08-29 20:05:47', NULL, NULL),
(2253, 92, '2022-1-60-129', 3.55, NULL, '2025-08-29 20:05:47', NULL, NULL),
(2254, 92, '2022-1-60-132', 3.99, NULL, '2025-08-29 20:05:47', NULL, NULL);

-- --------------------------------------------------------

--
-- Table structure for table `course_groups`
--

CREATE TABLE `course_groups` (
  `id` int(11) NOT NULL,
  `course_id` int(11) NOT NULL,
  `name` varchar(100) NOT NULL
) ENGINE=InnoDB DEFAULT CHARSET=utf8mb4 COLLATE=utf8mb4_general_ci;

--
-- Dumping data for table `course_groups`
--

INSERT INTO `course_groups` (`id`, `course_id`, `name`) VALUES
(1, 3, 'G01'),
(2, 4, 'G01'),
(3, 5, 'G01'),
(4, 6, 'G01'),
(5, 7, 'G01'),
(6, 8, 'G01'),
(7, 9, 'G01'),
(8, 10, 'G01'),
(9, 11, 'G01'),
(10, 12, 'G01'),
(11, 13, 'G01'),
(12, 14, 'G01'),
(13, 15, 'G01'),
(14, 16, 'G01'),
(15, 17, 'G01'),
(16, 18, 'G01'),
(17, 19, 'G01'),
(18, 20, 'G01'),
(19, 21, 'G01'),
(20, 22, 'G01'),
(21, 23, 'G01'),
(22, 24, 'G01'),
(23, 25, 'G01'),
(24, 26, 'G01'),
(25, 27, 'G01'),
(26, 28, 'G01'),
(27, 29, 'G01'),
(28, 30, 'G01'),
(29, 31, 'G01'),
(30, 32, 'G01'),
(31, 33, 'G01'),
(32, 34, 'G01'),
(33, 35, 'G01'),
(34, 36, 'G01'),
(35, 37, 'G01'),
(36, 38, 'G01'),
(37, 39, 'G01'),
(38, 40, 'G01'),
(39, 41, 'G01'),
(40, 42, 'G01');

-- --------------------------------------------------------

--
-- Table structure for table `files`
--

CREATE TABLE `files` (
  `id` int(11) NOT NULL,
  `user_id` int(11) DEFAULT NULL,
  `filename` varchar(255) DEFAULT NULL,
  `original_name` varchar(255) DEFAULT NULL,
  `upload_time` timestamp NOT NULL DEFAULT current_timestamp(),
  `folder_id` int(11) DEFAULT NULL,
  `created_at` timestamp NOT NULL DEFAULT current_timestamp(),
  `updated_at` timestamp NULL DEFAULT NULL ON UPDATE current_timestamp()
) ENGINE=InnoDB DEFAULT CHARSET=utf8mb4 COLLATE=utf8mb4_general_ci;

--
-- Dumping data for table `files`
--

INSERT INTO `files` (`id`, `user_id`, `filename`, `original_name`, `upload_time`, `folder_id`, `created_at`, `updated_at`) VALUES
(4, 1, '1751618999_2025.2.cse412_courseOutline.pdf', '2025.2.cse412_courseOutline.pdf', '2025-07-04 08:49:59', NULL, '2025-08-27 21:09:40', NULL),
(8, 12, '1751629491_My website.docx', 'My website.docx', '2025-07-04 11:44:51', NULL, '2025-08-27 21:09:40', NULL),
(16, 17, '1751645063_2025.2.cse412_courseOutline.pdf', '2025.2.cse412_courseOutline.pdf', '2025-07-04 16:04:23', NULL, '2025-08-27 21:09:40', NULL),
(17, 19, '1752393999_does-perfume-expire-hero-mudc-042820.jpg', 'does-perfume-expire-hero-mudc-042820.jpg', '2025-07-13 08:06:39', NULL, '2025-08-27 21:09:40', NULL),
(18, 19, '1752394290_1752079842_img-250709221340-001.pdf', '1752079842_img-250709221340-001.pdf', '2025-07-13 08:11:30', NULL, '2025-08-27 21:09:40', NULL),
(20, 21, '6881f51cdc11b.txt', 'Assignment08', '2025-07-24 08:55:56', 1, '2025-08-27 21:09:40', NULL),
(21, 21, '6881f89951c0a.zip', 'folder_file_manager.zip', '2025-07-24 09:10:49', 2, '2025-08-27 21:09:40', NULL),
(24, 21, '6881ff529f163.docx', '2023-1-60-042_Lab04.docx', '2025-07-24 09:39:30', 3, '2025-08-27 21:09:40', NULL),
(25, 21, '6881ff7c8e328.png', 'Ping.png', '2025-07-24 09:40:12', NULL, '2025-08-27 21:09:40', NULL),
(28, 1, 'healthcheck.txt', 'healthcheck.txt', '2025-08-27 21:17:24', NULL, '2025-08-27 21:17:24', NULL),
(29, 40, '68b1d8db60efe.php', 'taskboard.php', '2025-08-29 16:44:11', NULL, '2025-08-29 16:44:11', NULL),
(30, 40, '68b221a1b1f49.docx', 'Assighnment 2_360-final (1).docx', '2025-08-29 21:54:41', NULL, '2025-08-29 21:54:41', NULL);

-- --------------------------------------------------------

--
-- Table structure for table `final_submissions`
--

CREATE TABLE `final_submissions` (
  `id` int(11) NOT NULL,
  `course_id` int(11) NOT NULL,
  `group_id` int(11) NOT NULL,
  `file_path` varchar(255) DEFAULT NULL,
  `status` enum('pending','submitted','approved','rejected') DEFAULT 'pending',
  `created_at` timestamp NOT NULL DEFAULT current_timestamp()
) ENGINE=InnoDB DEFAULT CHARSET=utf8mb4 COLLATE=utf8mb4_general_ci;

-- --------------------------------------------------------

--
-- Table structure for table `folders`
--

CREATE TABLE `folders` (
  `id` int(11) NOT NULL,
  `user_id` int(11) NOT NULL,
  `name` varchar(100) NOT NULL
) ENGINE=InnoDB DEFAULT CHARSET=utf8mb4 COLLATE=utf8mb4_general_ci;

--
-- Dumping data for table `folders`
--

INSERT INTO `folders` (`id`, `user_id`, `name`) VALUES
(1, 21, 'Assignment'),
(3, 21, 'Lab_Work'),
(2, 21, 'zip file');

-- --------------------------------------------------------

--
-- Table structure for table `groups`
--

CREATE TABLE `groups` (
  `id` int(11) NOT NULL,
  `course_id` int(11) NOT NULL,
  `name` varchar(100) NOT NULL,
  `leader_student_id` varchar(50) DEFAULT NULL,
  `created_at` timestamp NOT NULL DEFAULT current_timestamp(),
  `updated_at` timestamp NULL DEFAULT NULL ON UPDATE current_timestamp(),
  `project_final_file` varchar(255) DEFAULT NULL,
  `leader_university_id` varchar(50) DEFAULT NULL
) ENGINE=InnoDB DEFAULT CHARSET=utf8mb4 COLLATE=utf8mb4_general_ci;

--
-- Dumping data for table `groups`
--

INSERT INTO `groups` (`id`, `course_id`, `name`, `leader_student_id`, `created_at`, `updated_at`, `project_final_file`, `leader_university_id`) VALUES
(1, 5, 'G01', NULL, '2025-08-28 07:21:02', NULL, NULL, NULL),
(2, 14, 'GZZ', NULL, '2025-08-28 07:21:02', NULL, NULL, NULL),
(9, 71, 'Auto Group 1', '2022-1-60-110', '2025-08-28 13:17:33', '2025-08-28 13:17:33', NULL, NULL),
(10, 71, 'Auto Group 2', '2022-1-60-114', '2025-08-28 13:17:33', '2025-08-28 13:17:33', NULL, NULL),
(11, 71, 'Auto Group 3', '2022-1-60-126', '2025-08-28 13:17:33', '2025-08-28 13:17:33', NULL, NULL),
(12, 71, 'Auto Group 4', '2022-1-60-121', '2025-08-28 13:17:33', '2025-08-28 13:17:33', NULL, NULL),
(13, 71, 'Auto Group 5', '2022-1-60-111', '2025-08-28 13:17:33', '2025-08-28 13:17:33', NULL, NULL),
(14, 71, 'Auto Group 6', '2022-1-60-117', '2025-08-28 13:17:33', '2025-08-28 13:17:33', NULL, NULL),
(15, 71, 'Auto Group 7', '2022-1-60-118', '2025-08-28 13:17:33', '2025-08-28 13:17:33', NULL, NULL),
(16, 71, 'Auto Group 8', '2022-1-60-128', '2025-08-28 13:17:33', '2025-08-28 13:17:33', NULL, NULL),
(17, 71, 'Auto Group 9', '2022-1-60-112', '2025-08-28 13:17:33', '2025-08-28 13:17:33', NULL, NULL),
(18, 71, 'Auto Group 10', '2022-1-60-109', '2025-08-28 13:17:33', '2025-08-28 13:17:33', NULL, NULL),
(19, 73, 'Auto Group 1', '2022-1-60-110', '2025-08-28 13:35:35', '2025-08-28 13:35:35', NULL, NULL),
(20, 73, 'Auto Group 2', '2022-1-60-114', '2025-08-28 13:35:35', '2025-08-28 13:35:35', NULL, NULL),
(21, 73, 'Auto Group 3', '2022-1-60-126', '2025-08-28 13:35:35', '2025-08-28 13:35:35', NULL, NULL),
(22, 73, 'Auto Group 4', '2022-1-60-121', '2025-08-28 13:35:35', '2025-08-28 13:35:35', NULL, NULL),
(23, 73, 'Auto Group 5', '2022-1-60-111', '2025-08-28 13:35:35', '2025-08-28 13:35:35', NULL, NULL),
(24, 73, 'Auto Group 6', '2022-1-60-117', '2025-08-28 13:35:35', '2025-08-28 13:35:35', NULL, NULL),
(25, 73, 'Auto Group 7', '2022-1-60-118', '2025-08-28 13:35:35', '2025-08-28 13:35:35', NULL, NULL),
(26, 73, 'Auto Group 8', '2022-1-60-128', '2025-08-28 13:35:35', '2025-08-28 13:35:35', NULL, NULL),
(27, 73, 'Auto Group 9', '2022-1-60-112', '2025-08-28 13:35:35', '2025-08-28 13:35:35', NULL, NULL),
(28, 73, 'Auto Group 10', '2022-1-60-109', '2025-08-28 13:35:35', '2025-08-28 13:35:35', NULL, NULL),
(29, 74, 'Auto Group 1', '2022-1-60-110', '2025-08-28 18:27:22', '2025-08-28 18:27:22', NULL, NULL),
(30, 74, 'Auto Group 2', '2022-1-60-114', '2025-08-28 18:27:22', '2025-08-28 18:27:22', NULL, NULL),
(31, 74, 'Auto Group 3', '2022-1-60-126', '2025-08-28 18:27:22', '2025-08-28 18:27:22', NULL, NULL),
(32, 74, 'Auto Group 4', '2022-1-60-121', '2025-08-28 18:27:22', '2025-08-28 18:27:22', NULL, NULL),
(33, 74, 'Auto Group 5', '2022-1-60-111', '2025-08-28 18:27:22', '2025-08-28 18:27:22', NULL, NULL),
(34, 74, 'Auto Group 6', '2022-1-60-117', '2025-08-28 18:27:22', '2025-08-28 18:27:22', NULL, NULL),
(35, 74, 'Auto Group 7', '2022-1-60-118', '2025-08-28 18:27:22', '2025-08-28 18:27:22', NULL, NULL),
(36, 74, 'Auto Group 8', '2022-1-60-128', '2025-08-28 18:27:22', '2025-08-28 18:27:22', NULL, NULL),
(37, 74, 'Auto Group 9', '2022-1-60-112', '2025-08-28 18:27:22', '2025-08-28 18:27:22', NULL, NULL),
(38, 74, 'Auto Group 10', '2022-1-60-109', '2025-08-28 18:27:22', '2025-08-28 18:27:22', NULL, NULL),
(39, 76, 'Auto Group 1', '2022-1-60-110', '2025-08-29 05:18:21', '2025-08-29 05:18:21', NULL, NULL),
(40, 76, 'Auto Group 2', '2022-1-60-132', '2025-08-29 05:18:21', '2025-08-29 05:18:21', NULL, NULL),
(41, 76, 'Auto Group 3', '2022-1-60-123', '2025-08-29 05:18:21', '2025-08-29 05:18:21', NULL, NULL),
(42, 76, 'Auto Group 4', '2022-1-60-114', '2025-08-29 05:18:21', '2025-08-29 05:18:21', NULL, NULL),
(43, 76, 'Auto Group 5', '2022-1-60-122', '2025-08-29 05:18:21', '2025-08-29 05:18:21', NULL, NULL),
(44, 76, 'Auto Group 6', '2022-1-60-102', '2025-08-29 05:18:21', '2025-08-29 05:18:21', NULL, NULL),
(45, 76, 'Auto Group 7', '2022-1-60-126', '2025-08-29 05:18:21', '2025-08-29 05:18:21', NULL, NULL),
(46, 76, 'Auto Group 8', '2022-1-60-108', '2025-08-29 05:18:21', '2025-08-29 05:18:21', NULL, NULL),
(47, 76, 'Auto Group 9', '2022-1-60-116', '2025-08-29 05:18:21', '2025-08-29 05:18:21', NULL, NULL),
(48, 76, 'Auto Group 10', '2022-1-60-121', '2025-08-29 05:18:21', '2025-08-29 05:18:21', NULL, NULL),
(49, 78, 'Auto Group 1', '2022-1-60-110', '2025-08-29 05:43:11', '2025-08-29 05:43:11', NULL, NULL),
(50, 78, 'Auto Group 2', '2022-1-60-132', '2025-08-29 05:43:11', '2025-08-29 05:43:11', NULL, NULL),
(51, 78, 'Auto Group 3', '2022-1-60-123', '2025-08-29 05:43:11', '2025-08-29 05:43:11', NULL, NULL),
(52, 78, 'Auto Group 4', '2022-1-60-114', '2025-08-29 05:43:11', '2025-08-29 05:43:11', NULL, NULL),
(53, 78, 'Auto Group 5', '2022-1-60-122', '2025-08-29 05:43:11', '2025-08-29 05:43:11', NULL, NULL),
(54, 78, 'Auto Group 6', '2022-1-60-102', '2025-08-29 05:43:11', '2025-08-29 05:43:11', NULL, NULL),
(55, 78, 'Auto Group 7', '2022-1-60-126', '2025-08-29 05:43:11', '2025-08-29 05:43:11', NULL, NULL),
(56, 78, 'Auto Group 8', '2022-1-60-108', '2025-08-29 05:43:11', '2025-08-29 05:43:11', NULL, NULL),
(57, 78, 'Auto Group 9', '2022-1-60-116', '2025-08-29 05:43:11', '2025-08-29 05:43:11', NULL, NULL),
(58, 78, 'Auto Group 10', '2022-1-60-121', '2025-08-29 05:43:11', '2025-08-29 05:43:11', NULL, NULL),
(59, 79, 'Auto Group 1', '2022-1-60-110', '2025-08-29 06:08:55', '2025-08-29 06:08:55', NULL, NULL),
(60, 79, 'Auto Group 2', '2022-1-60-132', '2025-08-29 06:08:55', '2025-08-29 06:08:55', NULL, NULL),
(61, 79, 'Auto Group 3', '2022-1-60-123', '2025-08-29 06:08:55', '2025-08-29 06:08:55', NULL, NULL),
(62, 79, 'Auto Group 4', '2022-1-60-114', '2025-08-29 06:08:55', '2025-08-29 06:08:55', NULL, NULL),
(63, 79, 'Auto Group 5', '2022-1-60-122', '2025-08-29 06:08:55', '2025-08-29 06:08:55', NULL, NULL),
(64, 79, 'Auto Group 6', '2022-1-60-102', '2025-08-29 06:08:55', '2025-08-29 06:08:55', NULL, NULL),
(65, 79, 'Auto Group 7', '2022-1-60-126', '2025-08-29 06:08:55', '2025-08-29 06:08:55', NULL, NULL),
(66, 79, 'Auto Group 8', '2022-1-60-108', '2025-08-29 06:08:55', '2025-08-29 06:08:55', NULL, NULL),
(67, 79, 'Auto Group 9', '2022-1-60-116', '2025-08-29 06:08:55', '2025-08-29 06:08:55', NULL, NULL),
(68, 79, 'Auto Group 10', '2022-1-60-121', '2025-08-29 06:08:55', '2025-08-29 06:08:55', NULL, NULL),
(69, 80, 'Auto Group 1', '2022-1-60-110', '2025-08-29 06:31:22', '2025-08-29 06:31:22', NULL, NULL),
(70, 80, 'Auto Group 2', '2022-1-60-132', '2025-08-29 06:31:22', '2025-08-29 06:31:22', NULL, NULL),
(71, 80, 'Auto Group 3', '2022-1-60-123', '2025-08-29 06:31:22', '2025-08-29 06:31:22', NULL, NULL),
(72, 80, 'Auto Group 4', '2022-1-60-114', '2025-08-29 06:31:22', '2025-08-29 06:31:22', NULL, NULL),
(73, 80, 'Auto Group 5', '2022-1-60-122', '2025-08-29 06:31:22', '2025-08-29 06:31:22', NULL, NULL),
(74, 80, 'Auto Group 6', '2022-1-60-102', '2025-08-29 06:31:22', '2025-08-29 06:31:22', NULL, NULL),
(75, 80, 'Auto Group 7', '2022-1-60-126', '2025-08-29 06:31:22', '2025-08-29 06:31:22', NULL, NULL),
(76, 80, 'Auto Group 8', '2022-1-60-108', '2025-08-29 06:31:22', '2025-08-29 06:31:22', NULL, NULL),
(77, 80, 'Auto Group 9', '2022-1-60-116', '2025-08-29 06:31:22', '2025-08-29 06:31:22', NULL, NULL),
(78, 80, 'Auto Group 10', '2022-1-60-121', '2025-08-29 06:31:22', '2025-08-29 06:31:22', NULL, NULL),
(79, 81, 'Auto Group 1', '2022-1-60-110', '2025-08-29 06:57:29', '2025-08-29 06:57:29', NULL, NULL),
(80, 81, 'Auto Group 2', '2022-1-60-132', '2025-08-29 06:57:29', '2025-08-29 06:57:29', NULL, NULL),
(81, 81, 'Auto Group 3', '2022-1-60-123', '2025-08-29 06:57:29', '2025-08-29 06:57:29', NULL, NULL),
(82, 81, 'Auto Group 4', '2022-1-60-114', '2025-08-29 06:57:29', '2025-08-29 06:57:29', NULL, NULL),
(83, 81, 'Auto Group 5', '2022-1-60-122', '2025-08-29 06:57:29', '2025-08-29 06:57:29', NULL, NULL),
(84, 81, 'Auto Group 6', '2022-1-60-102', '2025-08-29 06:57:29', '2025-08-29 06:57:29', NULL, NULL),
(85, 81, 'Auto Group 7', '2022-1-60-126', '2025-08-29 06:57:29', '2025-08-29 06:57:29', NULL, NULL),
(86, 81, 'Auto Group 8', '2022-1-60-108', '2025-08-29 06:57:29', '2025-08-29 06:57:29', NULL, NULL),
(87, 81, 'Auto Group 9', '2022-1-60-116', '2025-08-29 06:57:29', '2025-08-29 06:57:29', NULL, NULL),
(88, 81, 'Auto Group 10', '2022-1-60-121', '2025-08-29 06:57:29', '2025-08-29 06:57:29', NULL, NULL),
(89, 82, 'Auto Group 1', '2022-1-60-110', '2025-08-29 07:00:53', '2025-08-29 07:00:53', NULL, NULL),
(90, 82, 'Auto Group 2', '2022-1-60-132', '2025-08-29 07:00:53', '2025-08-29 07:00:53', NULL, NULL),
(91, 82, 'Auto Group 3', '2022-1-60-123', '2025-08-29 07:00:53', '2025-08-29 07:00:53', NULL, NULL),
(92, 82, 'Auto Group 4', '2022-1-60-114', '2025-08-29 07:00:53', '2025-08-29 07:00:53', NULL, NULL),
(93, 82, 'Auto Group 5', '2022-1-60-122', '2025-08-29 07:00:53', '2025-08-29 07:00:53', NULL, NULL),
(94, 82, 'Auto Group 6', '2022-1-60-102', '2025-08-29 07:00:53', '2025-08-29 07:00:53', NULL, NULL),
(95, 82, 'Auto Group 7', '2022-1-60-126', '2025-08-29 07:00:53', '2025-08-29 07:00:53', NULL, NULL),
(96, 82, 'Auto Group 8', '2022-1-60-108', '2025-08-29 07:00:53', '2025-08-29 07:00:53', NULL, NULL),
(97, 82, 'Auto Group 9', '2022-1-60-116', '2025-08-29 07:00:53', '2025-08-29 07:00:53', NULL, NULL),
(98, 82, 'Auto Group 10', '2022-1-60-121', '2025-08-29 07:00:53', '2025-08-29 07:00:53', NULL, NULL),
(99, 83, 'Auto Group 1', '2022-1-60-110', '2025-08-29 09:48:28', '2025-08-29 09:48:28', NULL, NULL),
(100, 83, 'Auto Group 2', '2022-1-60-132', '2025-08-29 09:48:28', '2025-08-29 09:48:28', NULL, NULL),
(101, 83, 'Auto Group 3', '2022-1-60-123', '2025-08-29 09:48:28', '2025-08-29 09:48:28', NULL, NULL),
(102, 83, 'Auto Group 4', '2022-1-60-114', '2025-08-29 09:48:28', '2025-08-29 09:48:28', NULL, NULL),
(103, 83, 'Auto Group 5', '2022-1-60-122', '2025-08-29 09:48:28', '2025-08-29 09:48:28', NULL, NULL),
(104, 83, 'Auto Group 6', '2022-1-60-102', '2025-08-29 09:48:28', '2025-08-29 09:48:28', NULL, NULL),
(105, 83, 'Auto Group 7', '2022-1-60-126', '2025-08-29 09:48:28', '2025-08-29 09:48:28', NULL, NULL),
(106, 83, 'Auto Group 8', '2022-1-60-108', '2025-08-29 09:48:28', '2025-08-29 09:48:28', NULL, NULL),
(107, 83, 'Auto Group 9', '2022-1-60-116', '2025-08-29 09:48:28', '2025-08-29 09:48:28', NULL, NULL),
(108, 83, 'Auto Group 10', '2022-1-60-121', '2025-08-29 09:48:28', '2025-08-29 09:48:28', NULL, NULL),
(109, 84, 'Auto Group 1', '2022-1-60-110', '2025-08-29 09:55:30', '2025-08-29 09:55:30', NULL, NULL),
(110, 84, 'Auto Group 2', '2022-1-60-132', '2025-08-29 09:55:30', '2025-08-29 09:55:30', NULL, NULL),
(111, 84, 'Auto Group 3', '2022-1-60-123', '2025-08-29 09:55:30', '2025-08-29 09:55:30', NULL, NULL),
(112, 84, 'Auto Group 4', '2022-1-60-114', '2025-08-29 09:55:30', '2025-08-29 09:55:30', NULL, NULL),
(113, 84, 'Auto Group 5', '2022-1-60-122', '2025-08-29 09:55:30', '2025-08-29 09:55:30', NULL, NULL),
(114, 84, 'Auto Group 6', '2022-1-60-102', '2025-08-29 09:55:30', '2025-08-29 09:55:30', NULL, NULL),
(115, 84, 'Auto Group 7', '2022-1-60-126', '2025-08-29 09:55:30', '2025-08-29 09:55:30', NULL, NULL),
(116, 84, 'Auto Group 8', '2022-1-60-108', '2025-08-29 09:55:30', '2025-08-29 09:55:30', NULL, NULL),
(117, 84, 'Auto Group 9', '2022-1-60-116', '2025-08-29 09:55:30', '2025-08-29 09:55:30', NULL, NULL),
(118, 84, 'Auto Group 10', '2022-1-60-121', '2025-08-29 09:55:30', '2025-08-29 09:55:30', NULL, NULL),
(119, 85, 'Auto Group 1', '2022-1-60-110', '2025-08-29 12:48:27', '2025-08-29 12:48:27', NULL, NULL),
(120, 85, 'Auto Group 2', '2022-1-60-132', '2025-08-29 12:48:27', '2025-08-29 12:48:27', NULL, NULL),
(121, 85, 'Auto Group 3', '2022-1-60-123', '2025-08-29 12:48:27', '2025-08-29 12:48:27', NULL, NULL),
(122, 85, 'Auto Group 4', '2022-1-60-114', '2025-08-29 12:48:27', '2025-08-29 12:48:27', NULL, NULL),
(123, 85, 'Auto Group 5', '2022-1-60-122', '2025-08-29 12:48:27', '2025-08-29 12:48:27', NULL, NULL),
(124, 85, 'Auto Group 6', '2022-1-60-102', '2025-08-29 12:48:27', '2025-08-29 12:48:27', NULL, NULL),
(126, 87, 'Auto Group 2', '2022-1-60-132', '2025-08-29 14:13:43', '2025-08-29 14:13:43', NULL, NULL),
(127, 87, 'Auto Group 3', '2022-1-60-123', '2025-08-29 14:13:43', '2025-08-29 14:13:43', NULL, NULL),
(128, 87, 'ff', '2022-1-60-114', '2025-08-29 14:13:43', '2025-08-29 21:08:41', NULL, NULL),
(129, 87, 'Auto Group 5', '2022-1-60-122', '2025-08-29 14:13:43', '2025-08-29 14:13:43', NULL, NULL),
(131, 88, 'Auto Group 1', '2022-1-60-110', '2025-08-29 15:20:36', '2025-08-29 15:20:36', NULL, NULL),
(132, 88, 'Auto Group 2', '2022-1-60-132', '2025-08-29 15:20:36', '2025-08-29 15:20:36', NULL, NULL),
(133, 88, 'Auto Group 3', '2022-1-60-123', '2025-08-29 15:20:36', '2025-08-29 15:20:36', NULL, NULL),
(134, 88, 'Auto Group 4', '2022-1-60-114', '2025-08-29 15:20:36', '2025-08-29 15:20:36', NULL, NULL),
(135, 88, 'Auto Group 5', '2022-1-60-122', '2025-08-29 15:20:36', '2025-08-29 15:20:36', NULL, NULL),
(136, 88, 'Auto Group 6', '2022-1-60-102', '2025-08-29 15:20:36', '2025-08-29 15:20:36', NULL, NULL),
(137, 88, 'Auto Group 7', '2022-1-60-126', '2025-08-29 15:20:36', '2025-08-29 15:20:36', NULL, NULL),
(138, 88, 'Auto Group 8', '2022-1-60-108', '2025-08-29 15:20:36', '2025-08-29 15:20:36', NULL, NULL),
(139, 88, 'Auto Group 9', '2022-1-60-116', '2025-08-29 15:20:36', '2025-08-29 15:20:36', NULL, NULL),
(140, 88, 'Auto Group 10', '2022-1-60-121', '2025-08-29 15:20:36', '2025-08-29 15:20:36', NULL, NULL),
(141, 89, 'Auto Group 1', '2022-1-60-110', '2025-08-29 15:21:59', '2025-08-29 15:21:59', NULL, NULL),
(142, 89, 'Auto Group 2', '2022-1-60-132', '2025-08-29 15:21:59', '2025-08-29 15:21:59', NULL, NULL),
(143, 89, 'Auto Group 3', '2022-1-60-123', '2025-08-29 15:21:59', '2025-08-29 15:21:59', NULL, NULL),
(144, 89, 'Auto Group 4', '2022-1-60-114', '2025-08-29 15:21:59', '2025-08-29 15:21:59', NULL, NULL),
(145, 89, 'Auto Group 5', '2022-1-60-122', '2025-08-29 15:21:59', '2025-08-29 15:21:59', NULL, NULL),
(146, 89, 'Auto Group 6', '2022-1-60-102', '2025-08-29 15:21:59', '2025-08-29 15:21:59', NULL, NULL),
(147, 90, 'Auto Group 1', '2023-1-60-110', '2025-08-29 19:05:17', '2025-08-29 19:05:17', NULL, NULL),
(148, 90, 'Auto Group 2', '2023-1-60-132', '2025-08-29 19:05:17', '2025-08-29 19:05:17', NULL, NULL),
(149, 90, 'Auto Group 3', '2023-1-60-123', '2025-08-29 19:05:17', '2025-08-29 19:05:17', NULL, NULL),
(150, 90, 'Auto Group 4', '2023-1-60-114', '2025-08-29 19:05:17', '2025-08-29 19:05:17', NULL, NULL),
(151, 90, 'Auto Group 5', '2023-1-60-122', '2025-08-29 19:05:17', '2025-08-29 19:05:17', NULL, NULL),
(152, 90, 'Auto Group 6', '2023-1-60-102', '2025-08-29 19:05:17', '2025-08-29 19:05:17', NULL, NULL),
(153, 90, 'Auto Group 7', '2023-1-60-126', '2025-08-29 19:05:17', '2025-08-29 19:05:17', NULL, NULL),
(154, 90, 'Auto Group 8', '2023-1-60-108', '2025-08-29 19:05:17', '2025-08-29 19:05:17', NULL, NULL),
(155, 90, 'Auto Group 9', '2023-1-60-116', '2025-08-29 19:05:17', '2025-08-29 19:05:17', NULL, NULL),
(156, 90, 'Auto Group 10', '2023-1-60-121', '2025-08-29 19:05:17', '2025-08-29 19:05:17', NULL, NULL),
(157, 87, 'ggg', '2022-1-60-102', '2025-08-29 21:09:31', '2025-08-29 21:09:31', NULL, NULL),
(176, 87, 'g', '2022-1-60-106', '2025-08-29 21:19:03', '2025-08-29 21:19:04', NULL, NULL),
(178, 87, 'Group5', '2022-1-60-115', '2025-08-29 21:35:47', '2025-08-29 21:35:48', NULL, NULL),
(180, 87, '90', '2022-1-60-126', '2025-08-29 21:36:47', '2025-08-29 21:36:48', NULL, NULL),
(181, 87, 'Auto Group 1', '2022-1-60-110', '2025-08-29 21:37:11', '2025-08-29 21:37:11', NULL, NULL);

-- --------------------------------------------------------

--
-- Table structure for table `group_members`
--

CREATE TABLE `group_members` (
  `id` int(11) NOT NULL,
  `group_id` int(11) NOT NULL,
  `student_university_id` varchar(50) NOT NULL,
  `role_in_group` enum('member','leader') NOT NULL DEFAULT 'member',
  `created_at` timestamp NOT NULL DEFAULT current_timestamp()
) ENGINE=InnoDB DEFAULT CHARSET=utf8mb4 COLLATE=utf8mb4_general_ci;

--
-- Dumping data for table `group_members`
--

INSERT INTO `group_members` (`id`, `group_id`, `student_university_id`, `role_in_group`, `created_at`) VALUES
(1, 9, '2022-1-60-110', 'member', '2025-08-28 13:17:33'),
(2, 9, '2022-1-60-132', 'member', '2025-08-28 13:17:33'),
(3, 9, '2022-1-60-123', 'member', '2025-08-28 13:17:33'),
(4, 10, '2022-1-60-114', 'member', '2025-08-28 13:17:33'),
(5, 10, '2022-1-60-122', 'member', '2025-08-28 13:17:33'),
(6, 10, '2022-1-60-102', 'member', '2025-08-28 13:17:33'),
(7, 11, '2022-1-60-126', 'member', '2025-08-28 13:17:33'),
(8, 11, '2022-1-60-108', 'member', '2025-08-28 13:17:33'),
(9, 11, '2022-1-60-116', 'member', '2025-08-28 13:17:33'),
(10, 12, '2022-1-60-121', 'member', '2025-08-28 13:17:33'),
(11, 12, '2022-1-60-127', 'member', '2025-08-28 13:17:33'),
(12, 12, '2022-1-60-115', 'member', '2025-08-28 13:17:33'),
(13, 13, '2022-1-60-111', 'member', '2025-08-28 13:17:33'),
(14, 13, '2022-1-60-129', 'member', '2025-08-28 13:17:33'),
(15, 13, '2022-1-60-103', 'member', '2025-08-28 13:17:33'),
(16, 14, '2022-1-60-117', 'member', '2025-08-28 13:17:33'),
(17, 14, '2022-1-60-120', 'member', '2025-08-28 13:17:33'),
(18, 14, '2022-1-60-107', 'member', '2025-08-28 13:17:33'),
(19, 15, '2022-1-60-118', 'member', '2025-08-28 13:17:33'),
(20, 15, '2022-1-60-119', 'member', '2025-08-28 13:17:33'),
(21, 15, '2022-1-60-101', 'member', '2025-08-28 13:17:33'),
(22, 16, '2022-1-60-128', 'member', '2025-08-28 13:17:33'),
(23, 16, '2022-1-60-125', 'member', '2025-08-28 13:17:33'),
(24, 16, '2022-1-60-124', 'member', '2025-08-28 13:17:33'),
(25, 17, '2022-1-60-112', 'member', '2025-08-28 13:17:33'),
(26, 17, '2022-1-60-105', 'member', '2025-08-28 13:17:33'),
(27, 17, '2022-1-60-113', 'member', '2025-08-28 13:17:33'),
(28, 18, '2022-1-60-109', 'member', '2025-08-28 13:17:33'),
(29, 18, '2022-1-60-104', 'member', '2025-08-28 13:17:33'),
(30, 18, '2022-1-60-106', 'member', '2025-08-28 13:17:33'),
(31, 19, '2022-1-60-110', 'member', '2025-08-28 13:35:35'),
(32, 19, '2022-1-60-132', 'member', '2025-08-28 13:35:35'),
(33, 19, '2022-1-60-123', 'member', '2025-08-28 13:35:35'),
(34, 20, '2022-1-60-114', 'member', '2025-08-28 13:35:35'),
(35, 20, '2022-1-60-122', 'member', '2025-08-28 13:35:35'),
(36, 20, '2022-1-60-102', 'member', '2025-08-28 13:35:35'),
(37, 21, '2022-1-60-126', 'member', '2025-08-28 13:35:35'),
(38, 21, '2022-1-60-108', 'member', '2025-08-28 13:35:35'),
(39, 21, '2022-1-60-116', 'member', '2025-08-28 13:35:35'),
(40, 22, '2022-1-60-121', 'member', '2025-08-28 13:35:35'),
(41, 22, '2022-1-60-127', 'member', '2025-08-28 13:35:35'),
(42, 22, '2022-1-60-115', 'member', '2025-08-28 13:35:35'),
(43, 23, '2022-1-60-111', 'member', '2025-08-28 13:35:35'),
(44, 23, '2022-1-60-129', 'member', '2025-08-28 13:35:35'),
(45, 23, '2022-1-60-103', 'member', '2025-08-28 13:35:35'),
(46, 24, '2022-1-60-117', 'member', '2025-08-28 13:35:35'),
(47, 24, '2022-1-60-120', 'member', '2025-08-28 13:35:35'),
(48, 24, '2022-1-60-107', 'member', '2025-08-28 13:35:35'),
(49, 25, '2022-1-60-118', 'member', '2025-08-28 13:35:35'),
(50, 25, '2022-1-60-119', 'member', '2025-08-28 13:35:35'),
(51, 25, '2022-1-60-101', 'member', '2025-08-28 13:35:35'),
(52, 26, '2022-1-60-128', 'member', '2025-08-28 13:35:35'),
(53, 26, '2022-1-60-125', 'member', '2025-08-28 13:35:35'),
(54, 26, '2022-1-60-124', 'member', '2025-08-28 13:35:35'),
(55, 27, '2022-1-60-112', 'member', '2025-08-28 13:35:35'),
(56, 27, '2022-1-60-105', 'member', '2025-08-28 13:35:35'),
(57, 27, '2022-1-60-113', 'member', '2025-08-28 13:35:35'),
(58, 28, '2022-1-60-109', 'member', '2025-08-28 13:35:35'),
(59, 28, '2022-1-60-104', 'member', '2025-08-28 13:35:35'),
(60, 28, '2022-1-60-106', 'member', '2025-08-28 13:35:35'),
(61, 29, '2022-1-60-110', 'member', '2025-08-28 18:27:22'),
(62, 29, '2022-1-60-132', 'member', '2025-08-28 18:27:22'),
(63, 29, '2022-1-60-123', 'member', '2025-08-28 18:27:22'),
(64, 30, '2022-1-60-114', 'member', '2025-08-28 18:27:22'),
(65, 30, '2022-1-60-122', 'member', '2025-08-28 18:27:22'),
(66, 30, '2022-1-60-102', 'member', '2025-08-28 18:27:22'),
(67, 31, '2022-1-60-126', 'member', '2025-08-28 18:27:22'),
(68, 31, '2022-1-60-108', 'member', '2025-08-28 18:27:22'),
(69, 31, '2022-1-60-116', 'member', '2025-08-28 18:27:22'),
(70, 32, '2022-1-60-121', 'member', '2025-08-28 18:27:22'),
(71, 32, '2022-1-60-127', 'member', '2025-08-28 18:27:22'),
(72, 32, '2022-1-60-115', 'member', '2025-08-28 18:27:22'),
(73, 33, '2022-1-60-111', 'member', '2025-08-28 18:27:22'),
(74, 33, '2022-1-60-129', 'member', '2025-08-28 18:27:22'),
(75, 33, '2022-1-60-103', 'member', '2025-08-28 18:27:22'),
(76, 34, '2022-1-60-117', 'member', '2025-08-28 18:27:22'),
(77, 34, '2022-1-60-120', 'member', '2025-08-28 18:27:22'),
(78, 34, '2022-1-60-107', 'member', '2025-08-28 18:27:22'),
(79, 35, '2022-1-60-118', 'member', '2025-08-28 18:27:22'),
(80, 35, '2022-1-60-119', 'member', '2025-08-28 18:27:22'),
(81, 35, '2022-1-60-101', 'member', '2025-08-28 18:27:22'),
(82, 36, '2022-1-60-128', 'member', '2025-08-28 18:27:22'),
(83, 36, '2022-1-60-125', 'member', '2025-08-28 18:27:22'),
(84, 36, '2022-1-60-124', 'member', '2025-08-28 18:27:22'),
(85, 37, '2022-1-60-112', 'member', '2025-08-28 18:27:22'),
(86, 37, '2022-1-60-105', 'member', '2025-08-28 18:27:22'),
(87, 37, '2022-1-60-113', 'member', '2025-08-28 18:27:22'),
(88, 38, '2022-1-60-109', 'member', '2025-08-28 18:27:22'),
(89, 38, '2022-1-60-104', 'member', '2025-08-28 18:27:22'),
(90, 38, '2022-1-60-106', 'member', '2025-08-28 18:27:22'),
(91, 39, '2022-1-60-110', 'member', '2025-08-29 05:18:21'),
(92, 39, '2022-1-60-127', 'member', '2025-08-29 05:18:21'),
(93, 39, '2022-1-60-101', 'member', '2025-08-29 05:18:21'),
(94, 40, '2022-1-60-132', 'member', '2025-08-29 05:18:21'),
(95, 40, '2022-1-60-115', 'member', '2025-08-29 05:18:21'),
(96, 40, '2022-1-60-128', 'member', '2025-08-29 05:18:21'),
(97, 41, '2022-1-60-123', 'member', '2025-08-29 05:18:21'),
(98, 41, '2022-1-60-111', 'member', '2025-08-29 05:18:21'),
(99, 41, '2022-1-60-125', 'member', '2025-08-29 05:18:21'),
(100, 42, '2022-1-60-114', 'member', '2025-08-29 05:18:21'),
(101, 42, '2022-1-60-129', 'member', '2025-08-29 05:18:21'),
(102, 42, '2022-1-60-124', 'member', '2025-08-29 05:18:21'),
(103, 43, '2022-1-60-122', 'member', '2025-08-29 05:18:21'),
(104, 43, '2022-1-60-103', 'member', '2025-08-29 05:18:21'),
(105, 43, '2022-1-60-112', 'member', '2025-08-29 05:18:21'),
(106, 44, '2022-1-60-102', 'member', '2025-08-29 05:18:21'),
(107, 44, '2022-1-60-117', 'member', '2025-08-29 05:18:21'),
(108, 44, '2022-1-60-105', 'member', '2025-08-29 05:18:21'),
(109, 45, '2022-1-60-126', 'member', '2025-08-29 05:18:21'),
(110, 45, '2022-1-60-120', 'member', '2025-08-29 05:18:21'),
(111, 45, '2022-1-60-113', 'member', '2025-08-29 05:18:21'),
(112, 46, '2022-1-60-108', 'member', '2025-08-29 05:18:21'),
(113, 46, '2022-1-60-107', 'member', '2025-08-29 05:18:21'),
(114, 46, '2022-1-60-109', 'member', '2025-08-29 05:18:21'),
(115, 47, '2022-1-60-116', 'member', '2025-08-29 05:18:21'),
(116, 47, '2022-1-60-118', 'member', '2025-08-29 05:18:21'),
(117, 47, '2022-1-60-104', 'member', '2025-08-29 05:18:21'),
(118, 48, '2022-1-60-121', 'member', '2025-08-29 05:18:21'),
(119, 48, '2022-1-60-119', 'member', '2025-08-29 05:18:21'),
(120, 48, '2022-1-60-106', 'member', '2025-08-29 05:18:21'),
(121, 49, '2022-1-60-110', 'member', '2025-08-29 05:43:11'),
(122, 49, '2022-1-60-127', 'member', '2025-08-29 05:43:11'),
(123, 49, '2022-1-60-101', 'member', '2025-08-29 05:43:11'),
(124, 50, '2022-1-60-132', 'member', '2025-08-29 05:43:11'),
(125, 50, '2022-1-60-115', 'member', '2025-08-29 05:43:11'),
(126, 50, '2022-1-60-128', 'member', '2025-08-29 05:43:11'),
(127, 51, '2022-1-60-123', 'member', '2025-08-29 05:43:11'),
(128, 51, '2022-1-60-111', 'member', '2025-08-29 05:43:11'),
(129, 51, '2022-1-60-125', 'member', '2025-08-29 05:43:11'),
(130, 52, '2022-1-60-114', 'member', '2025-08-29 05:43:11'),
(131, 52, '2022-1-60-129', 'member', '2025-08-29 05:43:11'),
(132, 52, '2022-1-60-124', 'member', '2025-08-29 05:43:11'),
(133, 53, '2022-1-60-122', 'member', '2025-08-29 05:43:11'),
(134, 53, '2022-1-60-103', 'member', '2025-08-29 05:43:11'),
(135, 53, '2022-1-60-112', 'member', '2025-08-29 05:43:11'),
(136, 54, '2022-1-60-102', 'member', '2025-08-29 05:43:11'),
(137, 54, '2022-1-60-117', 'member', '2025-08-29 05:43:11'),
(138, 54, '2022-1-60-105', 'member', '2025-08-29 05:43:11'),
(139, 55, '2022-1-60-126', 'member', '2025-08-29 05:43:11'),
(140, 55, '2022-1-60-120', 'member', '2025-08-29 05:43:11'),
(141, 55, '2022-1-60-113', 'member', '2025-08-29 05:43:11'),
(142, 56, '2022-1-60-108', 'member', '2025-08-29 05:43:11'),
(143, 56, '2022-1-60-107', 'member', '2025-08-29 05:43:11'),
(144, 56, '2022-1-60-109', 'member', '2025-08-29 05:43:11'),
(145, 57, '2022-1-60-116', 'member', '2025-08-29 05:43:11'),
(146, 57, '2022-1-60-118', 'member', '2025-08-29 05:43:11'),
(147, 57, '2022-1-60-104', 'member', '2025-08-29 05:43:11'),
(148, 58, '2022-1-60-121', 'member', '2025-08-29 05:43:11'),
(149, 58, '2022-1-60-119', 'member', '2025-08-29 05:43:11'),
(150, 58, '2022-1-60-106', 'member', '2025-08-29 05:43:11'),
(151, 59, '2022-1-60-110', 'member', '2025-08-29 06:08:55'),
(152, 59, '2022-1-60-127', 'member', '2025-08-29 06:08:55'),
(153, 59, '2022-1-60-101', 'member', '2025-08-29 06:08:55'),
(154, 60, '2022-1-60-132', 'member', '2025-08-29 06:08:55'),
(155, 60, '2022-1-60-115', 'member', '2025-08-29 06:08:55'),
(156, 60, '2022-1-60-128', 'member', '2025-08-29 06:08:55'),
(157, 61, '2022-1-60-123', 'member', '2025-08-29 06:08:55'),
(158, 61, '2022-1-60-111', 'member', '2025-08-29 06:08:55'),
(159, 61, '2022-1-60-125', 'member', '2025-08-29 06:08:55'),
(160, 62, '2022-1-60-114', 'member', '2025-08-29 06:08:55'),
(161, 62, '2022-1-60-129', 'member', '2025-08-29 06:08:55'),
(162, 62, '2022-1-60-124', 'member', '2025-08-29 06:08:55'),
(163, 63, '2022-1-60-122', 'member', '2025-08-29 06:08:55'),
(164, 63, '2022-1-60-103', 'member', '2025-08-29 06:08:55'),
(165, 63, '2022-1-60-112', 'member', '2025-08-29 06:08:55'),
(166, 64, '2022-1-60-102', 'member', '2025-08-29 06:08:55'),
(167, 64, '2022-1-60-117', 'member', '2025-08-29 06:08:55'),
(168, 64, '2022-1-60-105', 'member', '2025-08-29 06:08:55'),
(169, 65, '2022-1-60-126', 'member', '2025-08-29 06:08:55'),
(170, 65, '2022-1-60-120', 'member', '2025-08-29 06:08:55'),
(171, 65, '2022-1-60-113', 'member', '2025-08-29 06:08:55'),
(172, 66, '2022-1-60-108', 'member', '2025-08-29 06:08:55'),
(173, 66, '2022-1-60-107', 'member', '2025-08-29 06:08:55'),
(174, 66, '2022-1-60-109', 'member', '2025-08-29 06:08:55'),
(175, 67, '2022-1-60-116', 'member', '2025-08-29 06:08:55'),
(176, 67, '2022-1-60-118', 'member', '2025-08-29 06:08:55'),
(177, 67, '2022-1-60-104', 'member', '2025-08-29 06:08:55'),
(178, 68, '2022-1-60-121', 'member', '2025-08-29 06:08:55'),
(179, 68, '2022-1-60-119', 'member', '2025-08-29 06:08:55'),
(180, 68, '2022-1-60-106', 'member', '2025-08-29 06:08:55'),
(181, 69, '2022-1-60-110', 'member', '2025-08-29 06:31:22'),
(182, 69, '2022-1-60-127', 'member', '2025-08-29 06:31:22'),
(183, 69, '2022-1-60-101', 'member', '2025-08-29 06:31:22'),
(184, 70, '2022-1-60-132', 'member', '2025-08-29 06:31:22'),
(185, 70, '2022-1-60-115', 'member', '2025-08-29 06:31:22'),
(186, 70, '2022-1-60-128', 'member', '2025-08-29 06:31:22'),
(187, 71, '2022-1-60-123', 'member', '2025-08-29 06:31:22'),
(188, 71, '2022-1-60-111', 'member', '2025-08-29 06:31:22'),
(189, 71, '2022-1-60-125', 'member', '2025-08-29 06:31:22'),
(190, 72, '2022-1-60-114', 'member', '2025-08-29 06:31:22'),
(191, 72, '2022-1-60-129', 'member', '2025-08-29 06:31:22'),
(192, 72, '2022-1-60-124', 'member', '2025-08-29 06:31:22'),
(193, 73, '2022-1-60-122', 'member', '2025-08-29 06:31:22'),
(194, 73, '2022-1-60-103', 'member', '2025-08-29 06:31:22'),
(195, 73, '2022-1-60-112', 'member', '2025-08-29 06:31:22'),
(196, 74, '2022-1-60-102', 'member', '2025-08-29 06:31:22'),
(197, 74, '2022-1-60-117', 'member', '2025-08-29 06:31:22'),
(198, 74, '2022-1-60-105', 'member', '2025-08-29 06:31:22'),
(199, 75, '2022-1-60-126', 'member', '2025-08-29 06:31:22'),
(200, 75, '2022-1-60-120', 'member', '2025-08-29 06:31:22'),
(201, 75, '2022-1-60-113', 'member', '2025-08-29 06:31:22'),
(202, 76, '2022-1-60-108', 'member', '2025-08-29 06:31:22'),
(203, 76, '2022-1-60-107', 'member', '2025-08-29 06:31:22'),
(204, 76, '2022-1-60-109', 'member', '2025-08-29 06:31:22'),
(205, 77, '2022-1-60-116', 'member', '2025-08-29 06:31:22'),
(206, 77, '2022-1-60-118', 'member', '2025-08-29 06:31:22'),
(207, 77, '2022-1-60-104', 'member', '2025-08-29 06:31:22'),
(208, 78, '2022-1-60-121', 'member', '2025-08-29 06:31:22'),
(209, 78, '2022-1-60-119', 'member', '2025-08-29 06:31:22'),
(210, 78, '2022-1-60-106', 'member', '2025-08-29 06:31:22'),
(211, 79, '2022-1-60-110', 'member', '2025-08-29 06:57:29'),
(212, 79, '2022-1-60-127', 'member', '2025-08-29 06:57:29'),
(213, 79, '2022-1-60-101', 'member', '2025-08-29 06:57:29'),
(214, 80, '2022-1-60-132', 'member', '2025-08-29 06:57:29'),
(215, 80, '2022-1-60-115', 'member', '2025-08-29 06:57:29'),
(216, 80, '2022-1-60-128', 'member', '2025-08-29 06:57:29'),
(217, 81, '2022-1-60-123', 'member', '2025-08-29 06:57:29'),
(218, 81, '2022-1-60-111', 'member', '2025-08-29 06:57:29'),
(219, 81, '2022-1-60-125', 'member', '2025-08-29 06:57:29'),
(220, 82, '2022-1-60-114', 'member', '2025-08-29 06:57:29'),
(221, 82, '2022-1-60-129', 'member', '2025-08-29 06:57:29'),
(222, 82, '2022-1-60-124', 'member', '2025-08-29 06:57:29'),
(223, 83, '2022-1-60-122', 'member', '2025-08-29 06:57:29'),
(224, 83, '2022-1-60-103', 'member', '2025-08-29 06:57:29'),
(225, 83, '2022-1-60-112', 'member', '2025-08-29 06:57:29'),
(226, 84, '2022-1-60-102', 'member', '2025-08-29 06:57:29'),
(227, 84, '2022-1-60-117', 'member', '2025-08-29 06:57:29'),
(228, 84, '2022-1-60-105', 'member', '2025-08-29 06:57:29'),
(229, 85, '2022-1-60-126', 'member', '2025-08-29 06:57:29'),
(230, 85, '2022-1-60-120', 'member', '2025-08-29 06:57:29'),
(231, 85, '2022-1-60-113', 'member', '2025-08-29 06:57:29'),
(232, 86, '2022-1-60-108', 'member', '2025-08-29 06:57:29'),
(233, 86, '2022-1-60-107', 'member', '2025-08-29 06:57:29'),
(234, 86, '2022-1-60-109', 'member', '2025-08-29 06:57:29'),
(235, 87, '2022-1-60-116', 'member', '2025-08-29 06:57:29'),
(236, 87, '2022-1-60-118', 'member', '2025-08-29 06:57:29'),
(237, 87, '2022-1-60-104', 'member', '2025-08-29 06:57:29'),
(238, 88, '2022-1-60-121', 'member', '2025-08-29 06:57:29'),
(239, 88, '2022-1-60-119', 'member', '2025-08-29 06:57:29'),
(240, 88, '2022-1-60-106', 'member', '2025-08-29 06:57:29'),
(241, 89, '2022-1-60-110', 'member', '2025-08-29 07:00:53'),
(242, 89, '2022-1-60-127', 'member', '2025-08-29 07:00:53'),
(243, 89, '2022-1-60-101', 'member', '2025-08-29 07:00:53'),
(244, 90, '2022-1-60-132', 'member', '2025-08-29 07:00:53'),
(245, 90, '2022-1-60-115', 'member', '2025-08-29 07:00:53'),
(246, 90, '2022-1-60-128', 'member', '2025-08-29 07:00:53'),
(247, 91, '2022-1-60-123', 'member', '2025-08-29 07:00:53'),
(248, 91, '2022-1-60-111', 'member', '2025-08-29 07:00:53'),
(249, 91, '2022-1-60-125', 'member', '2025-08-29 07:00:53'),
(250, 92, '2022-1-60-114', 'member', '2025-08-29 07:00:53'),
(251, 92, '2022-1-60-129', 'member', '2025-08-29 07:00:53'),
(252, 92, '2022-1-60-124', 'member', '2025-08-29 07:00:53'),
(253, 93, '2022-1-60-122', 'member', '2025-08-29 07:00:53'),
(254, 93, '2022-1-60-103', 'member', '2025-08-29 07:00:53'),
(255, 93, '2022-1-60-112', 'member', '2025-08-29 07:00:53'),
(256, 94, '2022-1-60-102', 'member', '2025-08-29 07:00:53'),
(257, 94, '2022-1-60-117', 'member', '2025-08-29 07:00:53'),
(258, 94, '2022-1-60-105', 'member', '2025-08-29 07:00:53'),
(259, 95, '2022-1-60-126', 'member', '2025-08-29 07:00:53'),
(260, 95, '2022-1-60-120', 'member', '2025-08-29 07:00:53'),
(261, 95, '2022-1-60-113', 'member', '2025-08-29 07:00:53'),
(262, 96, '2022-1-60-108', 'member', '2025-08-29 07:00:53'),
(263, 96, '2022-1-60-107', 'member', '2025-08-29 07:00:53'),
(264, 96, '2022-1-60-109', 'member', '2025-08-29 07:00:53'),
(265, 97, '2022-1-60-116', 'member', '2025-08-29 07:00:53'),
(266, 97, '2022-1-60-118', 'member', '2025-08-29 07:00:53'),
(267, 97, '2022-1-60-104', 'member', '2025-08-29 07:00:53'),
(268, 98, '2022-1-60-121', 'member', '2025-08-29 07:00:53'),
(269, 98, '2022-1-60-119', 'member', '2025-08-29 07:00:53'),
(270, 98, '2022-1-60-106', 'member', '2025-08-29 07:00:53'),
(271, 99, '2022-1-60-110', 'member', '2025-08-29 09:48:28'),
(272, 99, '2022-1-60-127', 'member', '2025-08-29 09:48:28'),
(273, 99, '2022-1-60-101', 'member', '2025-08-29 09:48:28'),
(274, 100, '2022-1-60-132', 'member', '2025-08-29 09:48:28'),
(275, 100, '2022-1-60-115', 'member', '2025-08-29 09:48:28'),
(276, 100, '2022-1-60-128', 'member', '2025-08-29 09:48:28'),
(277, 101, '2022-1-60-123', 'member', '2025-08-29 09:48:28'),
(278, 101, '2022-1-60-111', 'member', '2025-08-29 09:48:28'),
(279, 101, '2022-1-60-125', 'member', '2025-08-29 09:48:28'),
(280, 102, '2022-1-60-114', 'member', '2025-08-29 09:48:28'),
(281, 102, '2022-1-60-129', 'member', '2025-08-29 09:48:28'),
(282, 102, '2022-1-60-124', 'member', '2025-08-29 09:48:28'),
(283, 103, '2022-1-60-122', 'member', '2025-08-29 09:48:28'),
(284, 103, '2022-1-60-103', 'member', '2025-08-29 09:48:28'),
(285, 103, '2022-1-60-112', 'member', '2025-08-29 09:48:28'),
(286, 104, '2022-1-60-102', 'member', '2025-08-29 09:48:28'),
(287, 104, '2022-1-60-117', 'member', '2025-08-29 09:48:28'),
(288, 104, '2022-1-60-105', 'member', '2025-08-29 09:48:28'),
(289, 105, '2022-1-60-126', 'member', '2025-08-29 09:48:28'),
(290, 105, '2022-1-60-120', 'member', '2025-08-29 09:48:28'),
(291, 105, '2022-1-60-113', 'member', '2025-08-29 09:48:28'),
(292, 106, '2022-1-60-108', 'member', '2025-08-29 09:48:28'),
(293, 106, '2022-1-60-107', 'member', '2025-08-29 09:48:28'),
(294, 106, '2022-1-60-109', 'member', '2025-08-29 09:48:28'),
(295, 107, '2022-1-60-116', 'member', '2025-08-29 09:48:28'),
(296, 107, '2022-1-60-118', 'member', '2025-08-29 09:48:28'),
(297, 107, '2022-1-60-104', 'member', '2025-08-29 09:48:28'),
(298, 108, '2022-1-60-121', 'member', '2025-08-29 09:48:28'),
(299, 108, '2022-1-60-119', 'member', '2025-08-29 09:48:28'),
(300, 108, '2022-1-60-106', 'member', '2025-08-29 09:48:28'),
(301, 109, '2022-1-60-110', 'member', '2025-08-29 09:55:30'),
(302, 109, '2022-1-60-127', 'member', '2025-08-29 09:55:30'),
(303, 109, '2022-1-60-101', 'member', '2025-08-29 09:55:30'),
(304, 110, '2022-1-60-132', 'member', '2025-08-29 09:55:30'),
(305, 110, '2022-1-60-115', 'member', '2025-08-29 09:55:30'),
(306, 110, '2022-1-60-128', 'member', '2025-08-29 09:55:30'),
(307, 111, '2022-1-60-123', 'member', '2025-08-29 09:55:30'),
(308, 111, '2022-1-60-111', 'member', '2025-08-29 09:55:30'),
(309, 111, '2022-1-60-125', 'member', '2025-08-29 09:55:30'),
(310, 112, '2022-1-60-114', 'member', '2025-08-29 09:55:30'),
(311, 112, '2022-1-60-129', 'member', '2025-08-29 09:55:30'),
(312, 112, '2022-1-60-124', 'member', '2025-08-29 09:55:30'),
(313, 113, '2022-1-60-122', 'member', '2025-08-29 09:55:30'),
(314, 113, '2022-1-60-103', 'member', '2025-08-29 09:55:30'),
(315, 113, '2022-1-60-112', 'member', '2025-08-29 09:55:30'),
(316, 114, '2022-1-60-102', 'member', '2025-08-29 09:55:30'),
(317, 114, '2022-1-60-117', 'member', '2025-08-29 09:55:30'),
(318, 114, '2022-1-60-105', 'member', '2025-08-29 09:55:30'),
(319, 115, '2022-1-60-126', 'member', '2025-08-29 09:55:30'),
(320, 115, '2022-1-60-120', 'member', '2025-08-29 09:55:30'),
(321, 115, '2022-1-60-113', 'member', '2025-08-29 09:55:30'),
(322, 116, '2022-1-60-108', 'member', '2025-08-29 09:55:30'),
(323, 116, '2022-1-60-107', 'member', '2025-08-29 09:55:30'),
(324, 116, '2022-1-60-109', 'member', '2025-08-29 09:55:30'),
(325, 117, '2022-1-60-116', 'member', '2025-08-29 09:55:30'),
(326, 117, '2022-1-60-118', 'member', '2025-08-29 09:55:30'),
(327, 117, '2022-1-60-104', 'member', '2025-08-29 09:55:30'),
(328, 118, '2022-1-60-121', 'member', '2025-08-29 09:55:30'),
(329, 118, '2022-1-60-119', 'member', '2025-08-29 09:55:30'),
(330, 118, '2022-1-60-106', 'member', '2025-08-29 09:55:30'),
(331, 119, '2022-1-60-110', 'member', '2025-08-29 12:48:27'),
(332, 119, '2022-1-60-126', 'member', '2025-08-29 12:48:27'),
(333, 119, '2022-1-60-111', 'member', '2025-08-29 12:48:27'),
(334, 119, '2022-1-60-118', 'member', '2025-08-29 12:48:27'),
(335, 119, '2022-1-60-112', 'member', '2025-08-29 12:48:27'),
(336, 120, '2022-1-60-132', 'member', '2025-08-29 12:48:27'),
(337, 120, '2022-1-60-108', 'member', '2025-08-29 12:48:27'),
(338, 120, '2022-1-60-129', 'member', '2025-08-29 12:48:27'),
(339, 120, '2022-1-60-119', 'member', '2025-08-29 12:48:27'),
(340, 120, '2022-1-60-105', 'member', '2025-08-29 12:48:27'),
(341, 121, '2022-1-60-123', 'member', '2025-08-29 12:48:27'),
(342, 121, '2022-1-60-116', 'member', '2025-08-29 12:48:27'),
(343, 121, '2022-1-60-103', 'member', '2025-08-29 12:48:27'),
(344, 121, '2022-1-60-101', 'member', '2025-08-29 12:48:27'),
(345, 121, '2022-1-60-113', 'member', '2025-08-29 12:48:27'),
(346, 122, '2022-1-60-114', 'member', '2025-08-29 12:48:27'),
(347, 122, '2022-1-60-121', 'member', '2025-08-29 12:48:27'),
(348, 122, '2022-1-60-117', 'member', '2025-08-29 12:48:27'),
(349, 122, '2022-1-60-128', 'member', '2025-08-29 12:48:27'),
(350, 122, '2022-1-60-109', 'member', '2025-08-29 12:48:27'),
(351, 123, '2022-1-60-122', 'member', '2025-08-29 12:48:27'),
(352, 123, '2022-1-60-127', 'member', '2025-08-29 12:48:27'),
(353, 123, '2022-1-60-120', 'member', '2025-08-29 12:48:27'),
(354, 123, '2022-1-60-125', 'member', '2025-08-29 12:48:27'),
(355, 123, '2022-1-60-104', 'member', '2025-08-29 12:48:27'),
(356, 124, '2022-1-60-102', 'member', '2025-08-29 12:48:27'),
(357, 124, '2022-1-60-115', 'member', '2025-08-29 12:48:27'),
(358, 124, '2022-1-60-107', 'member', '2025-08-29 12:48:27'),
(359, 124, '2022-1-60-124', 'member', '2025-08-29 12:48:27'),
(360, 124, '2022-1-60-106', 'member', '2025-08-29 12:48:27'),
(366, 126, '2022-1-60-132', 'member', '2025-08-29 14:13:43'),
(367, 126, '2022-1-60-108', 'member', '2025-08-29 14:13:43'),
(368, 126, '2022-1-60-129', 'member', '2025-08-29 14:13:43'),
(369, 126, '2022-1-60-119', 'member', '2025-08-29 14:13:43'),
(370, 126, '2022-1-60-105', 'member', '2025-08-29 14:13:43'),
(371, 127, '2022-1-60-123', 'member', '2025-08-29 14:13:43'),
(372, 127, '2022-1-60-116', 'member', '2025-08-29 14:13:43'),
(373, 127, '2022-1-60-103', 'member', '2025-08-29 14:13:43'),
(374, 127, '2022-1-60-101', 'member', '2025-08-29 14:13:43'),
(375, 127, '2022-1-60-113', 'member', '2025-08-29 14:13:43'),
(376, 128, '2022-1-60-114', 'member', '2025-08-29 14:13:43'),
(377, 128, '2022-1-60-121', 'member', '2025-08-29 14:13:43'),
(378, 128, '2022-1-60-117', 'member', '2025-08-29 14:13:43'),
(379, 128, '2022-1-60-128', 'member', '2025-08-29 14:13:43'),
(381, 129, '2022-1-60-122', 'member', '2025-08-29 14:13:43'),
(382, 129, '2022-1-60-127', 'member', '2025-08-29 14:13:43'),
(383, 129, '2022-1-60-120', 'member', '2025-08-29 14:13:43'),
(384, 129, '2022-1-60-125', 'member', '2025-08-29 14:13:43'),
(385, 129, '2022-1-60-104', 'member', '2025-08-29 14:13:43'),
(391, 131, '2022-1-60-110', 'member', '2025-08-29 15:20:36'),
(392, 131, '2022-1-60-127', 'member', '2025-08-29 15:20:36'),
(393, 131, '2022-1-60-101', 'member', '2025-08-29 15:20:36'),
(394, 132, '2022-1-60-132', 'member', '2025-08-29 15:20:36'),
(395, 132, '2022-1-60-115', 'member', '2025-08-29 15:20:36'),
(396, 132, '2022-1-60-128', 'member', '2025-08-29 15:20:36'),
(397, 133, '2022-1-60-123', 'member', '2025-08-29 15:20:36'),
(398, 133, '2022-1-60-111', 'member', '2025-08-29 15:20:36'),
(399, 133, '2022-1-60-125', 'member', '2025-08-29 15:20:36'),
(400, 134, '2022-1-60-114', 'member', '2025-08-29 15:20:36'),
(401, 134, '2022-1-60-129', 'member', '2025-08-29 15:20:36'),
(402, 134, '2022-1-60-124', 'member', '2025-08-29 15:20:36'),
(403, 135, '2022-1-60-122', 'member', '2025-08-29 15:20:36'),
(404, 135, '2022-1-60-103', 'member', '2025-08-29 15:20:36'),
(405, 135, '2022-1-60-112', 'member', '2025-08-29 15:20:36'),
(406, 136, '2022-1-60-102', 'member', '2025-08-29 15:20:36'),
(407, 136, '2022-1-60-117', 'member', '2025-08-29 15:20:36'),
(408, 136, '2022-1-60-105', 'member', '2025-08-29 15:20:36'),
(409, 137, '2022-1-60-126', 'member', '2025-08-29 15:20:36'),
(410, 137, '2022-1-60-120', 'member', '2025-08-29 15:20:36'),
(411, 137, '2022-1-60-113', 'member', '2025-08-29 15:20:36'),
(412, 138, '2022-1-60-108', 'member', '2025-08-29 15:20:36'),
(413, 138, '2022-1-60-107', 'member', '2025-08-29 15:20:36'),
(414, 138, '2022-1-60-109', 'member', '2025-08-29 15:20:36'),
(415, 139, '2022-1-60-116', 'member', '2025-08-29 15:20:36'),
(416, 139, '2022-1-60-118', 'member', '2025-08-29 15:20:36'),
(417, 139, '2022-1-60-104', 'member', '2025-08-29 15:20:36'),
(418, 140, '2022-1-60-121', 'member', '2025-08-29 15:20:36'),
(419, 140, '2022-1-60-119', 'member', '2025-08-29 15:20:36'),
(420, 140, '2022-1-60-106', 'member', '2025-08-29 15:20:36'),
(421, 141, '2022-1-60-110', 'member', '2025-08-29 15:21:59'),
(422, 141, '2022-1-60-126', 'member', '2025-08-29 15:21:59'),
(423, 141, '2022-1-60-111', 'member', '2025-08-29 15:21:59'),
(424, 141, '2022-1-60-118', 'member', '2025-08-29 15:21:59'),
(425, 141, '2022-1-60-112', 'member', '2025-08-29 15:21:59'),
(426, 142, '2022-1-60-132', 'member', '2025-08-29 15:21:59'),
(427, 142, '2022-1-60-108', 'member', '2025-08-29 15:21:59'),
(428, 142, '2022-1-60-129', 'member', '2025-08-29 15:21:59'),
(429, 142, '2022-1-60-119', 'member', '2025-08-29 15:21:59'),
(430, 142, '2022-1-60-105', 'member', '2025-08-29 15:21:59'),
(431, 143, '2022-1-60-123', 'member', '2025-08-29 15:21:59'),
(432, 143, '2022-1-60-116', 'member', '2025-08-29 15:21:59'),
(433, 143, '2022-1-60-103', 'member', '2025-08-29 15:21:59'),
(434, 143, '2022-1-60-101', 'member', '2025-08-29 15:21:59'),
(435, 143, '2022-1-60-113', 'member', '2025-08-29 15:21:59'),
(436, 144, '2022-1-60-114', 'member', '2025-08-29 15:21:59'),
(437, 144, '2022-1-60-121', 'member', '2025-08-29 15:21:59'),
(438, 144, '2022-1-60-117', 'member', '2025-08-29 15:21:59'),
(439, 144, '2022-1-60-128', 'member', '2025-08-29 15:21:59'),
(440, 144, '2022-1-60-109', 'member', '2025-08-29 15:21:59'),
(441, 145, '2022-1-60-122', 'member', '2025-08-29 15:21:59'),
(442, 145, '2022-1-60-127', 'member', '2025-08-29 15:21:59'),
(443, 145, '2022-1-60-120', 'member', '2025-08-29 15:21:59'),
(444, 145, '2022-1-60-125', 'member', '2025-08-29 15:21:59'),
(445, 145, '2022-1-60-104', 'member', '2025-08-29 15:21:59'),
(446, 146, '2022-1-60-102', 'member', '2025-08-29 15:21:59'),
(447, 146, '2022-1-60-115', 'member', '2025-08-29 15:21:59'),
(448, 146, '2022-1-60-107', 'member', '2025-08-29 15:21:59'),
(449, 146, '2022-1-60-124', 'member', '2025-08-29 15:21:59'),
(450, 146, '2022-1-60-106', 'member', '2025-08-29 15:21:59'),
(451, 147, '2023-1-60-110', 'member', '2025-08-29 19:05:17'),
(452, 147, '2023-1-60-127', 'member', '2025-08-29 19:05:17'),
(453, 147, '2023-1-60-101', 'member', '2025-08-29 19:05:17'),
(454, 148, '2023-1-60-132', 'member', '2025-08-29 19:05:17'),
(455, 148, '2023-1-60-115', 'member', '2025-08-29 19:05:17'),
(456, 148, '2023-1-60-128', 'member', '2025-08-29 19:05:17'),
(457, 149, '2023-1-60-123', 'member', '2025-08-29 19:05:17'),
(458, 149, '2023-1-60-111', 'member', '2025-08-29 19:05:17'),
(459, 149, '2023-1-60-125', 'member', '2025-08-29 19:05:17'),
(460, 150, '2023-1-60-114', 'member', '2025-08-29 19:05:17'),
(461, 150, '2023-1-60-129', 'member', '2025-08-29 19:05:17'),
(462, 150, '2023-1-60-124', 'member', '2025-08-29 19:05:17'),
(463, 151, '2023-1-60-122', 'member', '2025-08-29 19:05:17'),
(464, 151, '2023-1-60-103', 'member', '2025-08-29 19:05:17'),
(465, 151, '2023-1-60-112', 'member', '2025-08-29 19:05:17'),
(466, 152, '2023-1-60-102', 'member', '2025-08-29 19:05:17'),
(467, 152, '2023-1-60-117', 'member', '2025-08-29 19:05:17'),
(468, 152, '2023-1-60-105', 'member', '2025-08-29 19:05:17'),
(469, 153, '2023-1-60-126', 'member', '2025-08-29 19:05:17'),
(470, 153, '2023-1-60-120', 'member', '2025-08-29 19:05:17'),
(471, 153, '2023-1-60-113', 'member', '2025-08-29 19:05:17'),
(472, 154, '2023-1-60-108', 'member', '2025-08-29 19:05:17'),
(473, 154, '2023-1-60-107', 'member', '2025-08-29 19:05:17'),
(474, 154, '2023-1-60-109', 'member', '2025-08-29 19:05:17'),
(475, 155, '2023-1-60-116', 'member', '2025-08-29 19:05:17'),
(476, 155, '2023-1-60-118', 'member', '2025-08-29 19:05:17'),
(477, 155, '2023-1-60-104', 'member', '2025-08-29 19:05:17'),
(478, 156, '2023-1-60-121', 'member', '2025-08-29 19:05:17'),
(479, 156, '2023-1-60-119', 'member', '2025-08-29 19:05:17'),
(480, 156, '2023-1-60-106', 'member', '2025-08-29 19:05:17'),
(481, 157, '2022-1-60-102', 'member', '2025-08-29 21:09:31'),
(482, 157, '2022-1-60-109', 'member', '2025-08-29 21:09:31'),
(483, 176, '2022-1-60-106', 'member', '2025-08-29 21:19:04'),
(484, 178, '2022-1-60-107', 'member', '2025-08-29 21:35:48'),
(485, 178, '2022-1-60-115', 'member', '2025-08-29 21:35:48'),
(486, 178, '2022-1-60-124', 'member', '2025-08-29 21:35:48'),
(487, 180, '2022-1-60-118', 'member', '2025-08-29 21:36:47'),
(488, 180, '2022-1-60-126', 'member', '2025-08-29 21:36:47'),
(489, 181, '2022-1-60-110', 'member', '2025-08-29 21:37:11'),
(490, 181, '2022-1-60-111', 'member', '2025-08-29 21:37:11'),
(491, 181, '2022-1-60-112', 'member', '2025-08-29 21:37:11');

-- --------------------------------------------------------

--
-- Table structure for table `group_members_old`
--

CREATE TABLE `group_members_old` (
  `id` int(11) NOT NULL,
  `group_id` int(11) NOT NULL,
  `student_university_id` varchar(50) NOT NULL,
  `enrollment_id` int(11) NOT NULL,
  `role_in_group` enum('student','leader') NOT NULL DEFAULT 'student',
  `created_at` timestamp NOT NULL DEFAULT current_timestamp()
) ENGINE=InnoDB DEFAULT CHARSET=utf8mb4 COLLATE=utf8mb4_general_ci;

--
-- Dumping data for table `group_members_old`
--

INSERT INTO `group_members_old` (`id`, `group_id`, `student_university_id`, `enrollment_id`, `role_in_group`, `created_at`) VALUES
(14, 2, '', 420, 'leader', '2025-08-28 12:50:39');

-- --------------------------------------------------------

--
-- Table structure for table `group_tasks`
--

CREATE TABLE `group_tasks` (
  `id` int(11) NOT NULL,
  `course_id` int(11) NOT NULL,
  `group_id` int(11) NOT NULL,
  `title` varchar(255) NOT NULL,
  `description` text DEFAULT NULL,
  `due_at` datetime DEFAULT NULL,
  `created_by_student_id` varchar(64) NOT NULL,
  `assigned_student_id` varchar(64) NOT NULL,
  `assignment_status` enum('pending','accepted','declined') NOT NULL DEFAULT 'pending',
  `accepted_at` datetime DEFAULT NULL,
  `created_at` timestamp NOT NULL DEFAULT current_timestamp()
) ENGINE=InnoDB DEFAULT CHARSET=utf8mb4 COLLATE=utf8mb4_general_ci;

--
-- Dumping data for table `group_tasks`
--

INSERT INTO `group_tasks` (`id`, `course_id`, `group_id`, `title`, `description`, `due_at`, `created_by_student_id`, `assigned_student_id`, `assignment_status`, `accepted_at`, `created_at`) VALUES
(1, 87, 125, 'Part 1', '', '2025-09-10 20:51:00', '2022-1-60-110', '2022-1-60-112', 'pending', NULL, '2025-08-29 14:51:53');

-- --------------------------------------------------------

--
-- Table structure for table `tasks`
--

CREATE TABLE `tasks` (
  `id` int(11) NOT NULL,
  `course_id` int(11) NOT NULL,
  `group_id` int(11) NOT NULL,
  `assigned_to` varchar(50) NOT NULL,
  `title` varchar(255) NOT NULL,
  `description` text DEFAULT NULL,
  `status` enum('pending','rejected','accepted','submitted','completed') DEFAULT 'pending',
  `file_path` varchar(255) DEFAULT NULL,
  `created_at` timestamp NOT NULL DEFAULT current_timestamp(),
  `updated_at` timestamp NOT NULL DEFAULT current_timestamp() ON UPDATE current_timestamp()
) ENGINE=InnoDB DEFAULT CHARSET=utf8mb4 COLLATE=utf8mb4_general_ci;

--
-- Dumping data for table `tasks`
--

INSERT INTO `tasks` (`id`, `course_id`, `group_id`, `assigned_to`, `title`, `description`, `status`, `file_path`, `created_at`, `updated_at`) VALUES
(1, 89, 146, '2022-1-60-115', 'Part 1', '', 'completed', 'uploads/tasks/1756492152_8bba1dbb.gitignore', '2025-08-29 18:23:25', '2025-08-29 18:29:50'),
(2, 89, 146, '2022-1-60-115', 'Part 1', '', 'completed', 'uploads/tasks/1756492175_f0645255.gitignore', '2025-08-29 18:25:46', '2025-08-29 18:29:55'),
(3, 89, 146, '2022-1-60-115', '9', '', 'pending', NULL, '2025-08-29 20:08:16', '2025-08-29 20:08:16'),
(4, 87, 130, '2022-1-60-115', '12', '', 'pending', NULL, '2025-08-29 20:12:42', '2025-08-29 20:12:42');

-- --------------------------------------------------------

--
-- Table structure for table `task_work`
--

CREATE TABLE `task_work` (
  `id` int(11) NOT NULL,
  `task_id` int(11) NOT NULL,
  `uploaded_by_student_id` varchar(64) NOT NULL,
  `stored_name` varchar(255) NOT NULL,
  `original_name` varchar(255) NOT NULL,
  `uploaded_at` timestamp NOT NULL DEFAULT current_timestamp(),
  `mark_done_at` datetime DEFAULT NULL,
  `leader_review` enum('pending','approved','rejected') NOT NULL DEFAULT 'pending',
  `leader_review_at` datetime DEFAULT NULL,
  `leader_reviewer_student_id` varchar(64) DEFAULT NULL,
  `comment` text DEFAULT NULL
) ENGINE=InnoDB DEFAULT CHARSET=utf8mb4 COLLATE=utf8mb4_general_ci;

-- --------------------------------------------------------

--
-- Table structure for table `users`
--

CREATE TABLE `users` (
  `id` int(11) NOT NULL,
  `name` varchar(150) DEFAULT NULL,
  `university_id` varchar(50) DEFAULT NULL,
  `cgpa` decimal(3,2) DEFAULT NULL,
  `email` varchar(100) NOT NULL,
  `password` varchar(255) NOT NULL,
  `phone` varchar(20) DEFAULT NULL,
  `role` enum('student','professor') NOT NULL DEFAULT 'student'
) ENGINE=InnoDB DEFAULT CHARSET=utf8mb4 COLLATE=utf8mb4_general_ci;

--
-- Dumping data for table `users`
--

INSERT INTO `users` (`id`, `name`, `university_id`, `cgpa`, `email`, `password`, `phone`, `role`) VALUES
(1, NULL, NULL, NULL, 'red441651@gmail.com', '$2y$10$xDuyKgKWAnSU/Zj3KQAQL.f03JBXbG6jwyXDiu8/T9GvZD9N6/ZDC', NULL, 'student'),
(12, NULL, NULL, NULL, '', '$2y$10$VoDUCEvYTIoy6EO5.yDZnOveofLx2S.67cbhxqi9Lyv2ImOD0mli2', '01758922051', 'student'),
(17, NULL, NULL, NULL, '2023-1-60-042@std.ewubd.edu', '$2y$10$VGJqjj.Wdg3mFw9q2R/3WuZ5b2F18m/JDpD73jtpSuCi3zNSl3Sru', NULL, 'student'),
(18, NULL, NULL, NULL, '2022-1-60-389@std.ewubd.edu', '$2y$10$PEXB..WoAtdm6SVtbRPsvuJ2zeyF.jWNf4zZ6vJKphBA2DYyngMMy', NULL, 'student'),
(19, NULL, NULL, NULL, '2023-1-60-050@std.ewubd.edu', '$2y$10$nagOfvSJNGFzyKsVJypa3e8May1bK.6OBgiZlRiyHK2oO2Ym3UU7a', NULL, 'student'),
(20, NULL, NULL, NULL, '2023-1-60-0245@std.ewubd.edu', '$2y$10$7WBosTeQVO6sB4J1n21.aeOWzajQGD6AXsR5w0GveyQ7Wgy3KZs.m', NULL, 'student'),
(21, NULL, NULL, NULL, '2023-1-60-020@std.ewubd.edu', '$2y$10$Koo1jyS2b0xvU.vKreaYouVfAYW/.gd4rrITV43nSgnBtCym3BCgS', NULL, 'professor'),
(22, NULL, NULL, NULL, 'nishat.niloy@ewubd.edu', '$2y$10$/P9W6XEfwS.kpGo2KN1KBuYl1rpq8iUeVB8kYjcDXEbF0K6cf/A9e', NULL, 'professor'),
(23, NULL, NULL, NULL, 'prof1@example.com', '$2y$10$HGfEd16qTED6PX0OSHxGv.T1QBV/hzUxsorzrqFhBJTxr1ewvak4u', NULL, 'professor'),
(24, NULL, NULL, NULL, 'prof6@gmail.com', '$2y$10$CIfLwSn9QFWK9MQiOmBj1uTblh7dZFr4dAg29/rWoDugFUH2hSl0a', NULL, 'professor'),
(25, NULL, NULL, NULL, 'prof8@gmail.com', '$2y$10$bT39QiFjCHm9NVnBYqL11.dZMukgXkXvS9cMfwa/RzvP.WVPngC5W', NULL, 'professor'),
(26, NULL, NULL, NULL, 'prof9@gmail.com', '$2y$10$iw1Nh7hd23oBtHxuVSNedO3Z4fcJbc1.L55iUo.U7a7kBctdQBw/.', NULL, 'professor'),
(27, NULL, NULL, NULL, '2022-2-60-100@gmail.com', '$2y$10$fMPhS74r/aFY19PqDPe4Su2sQStXzX3j5N9tY0rC08CtfOVTvVdSS', NULL, 'student'),
(28, NULL, NULL, NULL, 'prof10@gmail.com', '$2y$10$LeRGD5cZ.bV2nsZFJfMBa.Zj7UbSjHzfymFb8CvfRSJ7VGIBlM5Xe', NULL, 'professor'),
(29, NULL, '2022-1-60-105', NULL, '2022-1-60-105@gmail.com', '$2y$10$LEqzWbBsx.vxiEP5.bYbn.u0F93O9e8AznONYG6o5CuYLjotS/xky', NULL, 'student'),
(30, NULL, NULL, NULL, '2022-1-60-106@gmail.com', '$2y$10$S2I1kr13YdS2agmnVPtz0OohVKMPbH5WUOX1rAp0qLI5SWcpE3lAa', NULL, 'student'),
(31, NULL, NULL, NULL, '2022-1-60-107@gmail.com', '$2y$10$jcWzfUpqlM3D/O3Q3qi0g.xtsx10tGEF7cmCzQi9suZyI9ExMtyf.', NULL, 'student'),
(32, NULL, '2022-1-60-127', NULL, '2022-1-60-127@gmail.com', '$2y$10$iKKHVPizmFLyFU.XXbJevOZI5AtPlL1wT1Q32O/AqgUsqKgAkCE1S', NULL, 'student'),
(33, NULL, NULL, NULL, 'prof12@gmail.com', '$2y$10$6UDoOijajSm3inc5iXHYDu8xJAK5GdZRY4Y5/caVuweTVUT1yIdPu', NULL, 'professor'),
(34, NULL, '2023-1-60-445', NULL, '2023-1-60-445@gmail.com', '$2y$10$1mpMlyK/9soKiPtOcaS8YuDRkt33hr25605Ss14/F4uGD4wbjGiNi', NULL, 'student'),
(35, NULL, '2022-1-60-110', NULL, '2022-1-60-110@gmail.com', '$2y$10$6ajbKKcAqQaS3F3vBtU0beYg4ig.VnDrXy5kBLryWrncC.L2Xh0/m', NULL, 'student'),
(36, NULL, 'prof777', NULL, 'prof777@gmail.com', '$2y$10$sdsb8A9hPTtaZDxqVO0P.uaPjYMwCPYVEeoNubzVQpkzvQMVop.ne', NULL, 'professor'),
(37, NULL, '2022-1-60-101', NULL, '2022-1-60-101@gmail.com', '$2y$10$yAgyUmioI/eaUks4jFTo3ebaVhKnYy4pFn8QBLHHq/WHObV1bvM/W', NULL, 'student'),
(38, NULL, '2023-1-60-101', NULL, '2023-1-60-101@gmail.com', '$2y$10$Da6nPK2Tk/K3WFWk1odeDeDaIINApVax3/wpVGxSAoXuWKMSF/oVa', NULL, 'student'),
(39, NULL, '2022-1-60-111', NULL, '2022-1-60-111@gmail.com', '$2y$10$LO.QdDqMkBORQbh4disjFOUxSbaCOTFqeXmVWcWn4rSJZexDPxt52', NULL, 'student'),
(40, NULL, '2022-1-60-102', NULL, '2022-1-60-102@gmail.com', '$2y$10$r04ZkYRieq4Tk8tzVIGX6u.nHA3qkdZf0zwG44kV306h4N9chXjga', NULL, 'student'),
(41, NULL, '2022-1-60-115', NULL, '2022-1-60-115@gmail.com', '$2y$10$KpNjAEMcLaDCa77Hhn8VCOEJS7tHc7vQcfrRzn/OkC/onpzEQmM.m', NULL, 'student'),
(42, NULL, 'prof77', NULL, 'prof77@gmail.com', '$2y$10$gWabDi/QCgYlqyyvKbMhN.se7cvPgCZzPxdBFf40FiUN8jRqjk/qO', NULL, 'professor'),
(43, NULL, '2023-2-60-101', NULL, '2023-2-60-101@gmail.com', '$2y$10$JfRKEiDPeXehTav2Q.EZKOjU9H3wrDwVYmKmvHq.UBhU1q1SuXD2m', NULL, 'professor'),
(44, NULL, '2019-2-60-101', NULL, '2019-2-60-101@gmail.com', '$2y$10$JDNw4IdEZNI7AyNZaxO7MuR9xlxp7BrhOARRwnoC2/u.28caSzkWW', NULL, 'student'),
(45, NULL, '2018-1-60-101', NULL, '2018-1-60-101@gmail.com', '$2y$10$7J6eySsiRmvBlmpX0fN9Uepnlllk8BA0hshk5/j8t5xJ8EHXpuTuO', NULL, 'student'),
(46, NULL, NULL, NULL, '2017-1-60-101@gmail.com', '$2y$10$J7Z8035beEWXSNnSLr/8bOMAVW1.nAep.VBu9KVHmyOuVBvPFffem', NULL, 'professor');

--
-- Indexes for dumped tables
--

--
-- Indexes for table `classrooms`
--
ALTER TABLE `classrooms`
  ADD PRIMARY KEY (`id`),
  ADD KEY `fk_classrooms_professor` (`professor_id`);

--
-- Indexes for table `classroom_posts`
--
ALTER TABLE `classroom_posts`
  ADD PRIMARY KEY (`id`),
  ADD KEY `fk_posts_classroom` (`classroom_id`),
  ADD KEY `fk_posts_professor` (`professor_id`);

--
-- Indexes for table `courses`
--
ALTER TABLE `courses`
  ADD PRIMARY KEY (`id`),
  ADD UNIQUE KEY `code` (`code`),
  ADD KEY `fk_courses_prof` (`professor_id`);

--
-- Indexes for table `course_enrollments`
--
ALTER TABLE `course_enrollments`
  ADD PRIMARY KEY (`id`),
  ADD UNIQUE KEY `uq_course_student` (`course_id`,`student_university_id`),
  ADD KEY `k_user` (`user_id`);

--
-- Indexes for table `course_groups`
--
ALTER TABLE `course_groups`
  ADD PRIMARY KEY (`id`),
  ADD UNIQUE KEY `uq_course_groups_name` (`course_id`,`name`);

--
-- Indexes for table `files`
--
ALTER TABLE `files`
  ADD PRIMARY KEY (`id`),
  ADD KEY `user_id` (`user_id`),
  ADD KEY `fk_folder` (`folder_id`);

--
-- Indexes for table `final_submissions`
--
ALTER TABLE `final_submissions`
  ADD PRIMARY KEY (`id`);

--
-- Indexes for table `folders`
--
ALTER TABLE `folders`
  ADD PRIMARY KEY (`id`),
  ADD UNIQUE KEY `user_id` (`user_id`,`name`);

--
-- Indexes for table `groups`
--
ALTER TABLE `groups`
  ADD PRIMARY KEY (`id`),
  ADD UNIQUE KEY `uq_group_name` (`course_id`,`name`),
  ADD UNIQUE KEY `course_group_name` (`course_id`,`name`);

--
-- Indexes for table `group_members`
--
ALTER TABLE `group_members`
  ADD PRIMARY KEY (`id`),
  ADD UNIQUE KEY `uq_group_student` (`group_id`,`student_university_id`),
  ADD KEY `idx_gm_group` (`group_id`),
  ADD KEY `idx_gm_student` (`student_university_id`);

--
-- Indexes for table `group_members_old`
--
ALTER TABLE `group_members_old`
  ADD PRIMARY KEY (`id`),
  ADD UNIQUE KEY `uq_member_once` (`group_id`,`enrollment_id`),
  ADD UNIQUE KEY `uniq_group_student` (`group_id`,`student_university_id`),
  ADD KEY `fk_gm_enrollment` (`enrollment_id`);

--
-- Indexes for table `group_tasks`
--
ALTER TABLE `group_tasks`
  ADD PRIMARY KEY (`id`);

--
-- Indexes for table `tasks`
--
ALTER TABLE `tasks`
  ADD PRIMARY KEY (`id`);

--
-- Indexes for table `task_work`
--
ALTER TABLE `task_work`
  ADD PRIMARY KEY (`id`),
  ADD KEY `fk_task_work_task` (`task_id`);

--
-- Indexes for table `users`
--
ALTER TABLE `users`
  ADD PRIMARY KEY (`id`),
  ADD UNIQUE KEY `email` (`email`),
  ADD UNIQUE KEY `phone` (`phone`);

--
-- AUTO_INCREMENT for dumped tables
--

--
-- AUTO_INCREMENT for table `classrooms`
--
ALTER TABLE `classrooms`
  MODIFY `id` int(11) NOT NULL AUTO_INCREMENT;

--
-- AUTO_INCREMENT for table `classroom_posts`
--
ALTER TABLE `classroom_posts`
  MODIFY `id` int(11) NOT NULL AUTO_INCREMENT;

--
-- AUTO_INCREMENT for table `courses`
--
ALTER TABLE `courses`
  MODIFY `id` int(11) NOT NULL AUTO_INCREMENT, AUTO_INCREMENT=93;

--
-- AUTO_INCREMENT for table `course_enrollments`
--
ALTER TABLE `course_enrollments`
  MODIFY `id` int(11) NOT NULL AUTO_INCREMENT, AUTO_INCREMENT=2255;

--
-- AUTO_INCREMENT for table `course_groups`
--
ALTER TABLE `course_groups`
  MODIFY `id` int(11) NOT NULL AUTO_INCREMENT, AUTO_INCREMENT=41;

--
-- AUTO_INCREMENT for table `files`
--
ALTER TABLE `files`
  MODIFY `id` int(11) NOT NULL AUTO_INCREMENT, AUTO_INCREMENT=31;

--
-- AUTO_INCREMENT for table `final_submissions`
--
ALTER TABLE `final_submissions`
  MODIFY `id` int(11) NOT NULL AUTO_INCREMENT;

--
-- AUTO_INCREMENT for table `folders`
--
ALTER TABLE `folders`
  MODIFY `id` int(11) NOT NULL AUTO_INCREMENT, AUTO_INCREMENT=4;

--
-- AUTO_INCREMENT for table `groups`
--
ALTER TABLE `groups`
  MODIFY `id` int(11) NOT NULL AUTO_INCREMENT, AUTO_INCREMENT=182;

--
-- AUTO_INCREMENT for table `group_members`
--
ALTER TABLE `group_members`
  MODIFY `id` int(11) NOT NULL AUTO_INCREMENT, AUTO_INCREMENT=492;

--
-- AUTO_INCREMENT for table `group_members_old`
--
ALTER TABLE `group_members_old`
  MODIFY `id` int(11) NOT NULL AUTO_INCREMENT, AUTO_INCREMENT=50;

--
-- AUTO_INCREMENT for table `group_tasks`
--
ALTER TABLE `group_tasks`
  MODIFY `id` int(11) NOT NULL AUTO_INCREMENT, AUTO_INCREMENT=2;

--
-- AUTO_INCREMENT for table `tasks`
--
ALTER TABLE `tasks`
  MODIFY `id` int(11) NOT NULL AUTO_INCREMENT, AUTO_INCREMENT=5;

--
-- AUTO_INCREMENT for table `task_work`
--
ALTER TABLE `task_work`
  MODIFY `id` int(11) NOT NULL AUTO_INCREMENT;

--
-- AUTO_INCREMENT for table `users`
--
ALTER TABLE `users`
  MODIFY `id` int(11) NOT NULL AUTO_INCREMENT, AUTO_INCREMENT=47;

--
-- Constraints for dumped tables
--

--
-- Constraints for table `classrooms`
--
ALTER TABLE `classrooms`
  ADD CONSTRAINT `fk_classrooms_professor` FOREIGN KEY (`professor_id`) REFERENCES `users` (`id`) ON DELETE CASCADE;

--
-- Constraints for table `classroom_posts`
--
ALTER TABLE `classroom_posts`
  ADD CONSTRAINT `fk_posts_classroom` FOREIGN KEY (`classroom_id`) REFERENCES `classrooms` (`id`) ON DELETE CASCADE,
  ADD CONSTRAINT `fk_posts_professor` FOREIGN KEY (`professor_id`) REFERENCES `users` (`id`) ON DELETE CASCADE;

--
-- Constraints for table `courses`
--
ALTER TABLE `courses`
  ADD CONSTRAINT `fk_courses_prof` FOREIGN KEY (`professor_id`) REFERENCES `users` (`id`) ON DELETE CASCADE;

--
-- Constraints for table `course_enrollments`
--
ALTER TABLE `course_enrollments`
  ADD CONSTRAINT `fk_ce_course` FOREIGN KEY (`course_id`) REFERENCES `courses` (`id`) ON DELETE CASCADE,
  ADD CONSTRAINT `fk_ce_user` FOREIGN KEY (`user_id`) REFERENCES `users` (`id`) ON DELETE SET NULL;

--
-- Constraints for table `course_groups`
--
ALTER TABLE `course_groups`
  ADD CONSTRAINT `fk_course_groups_course` FOREIGN KEY (`course_id`) REFERENCES `courses` (`id`) ON DELETE CASCADE;

--
-- Constraints for table `files`
--
ALTER TABLE `files`
  ADD CONSTRAINT `files_ibfk_1` FOREIGN KEY (`user_id`) REFERENCES `users` (`id`),
  ADD CONSTRAINT `fk_folder` FOREIGN KEY (`folder_id`) REFERENCES `folders` (`id`) ON DELETE SET NULL;

--
-- Constraints for table `folders`
--
ALTER TABLE `folders`
  ADD CONSTRAINT `folders_ibfk_1` FOREIGN KEY (`user_id`) REFERENCES `users` (`id`) ON DELETE CASCADE;

--
-- Constraints for table `groups`
--
ALTER TABLE `groups`
  ADD CONSTRAINT `fk_groups_course` FOREIGN KEY (`course_id`) REFERENCES `courses` (`id`) ON DELETE CASCADE;

--
-- Constraints for table `group_members`
--
ALTER TABLE `group_members`
  ADD CONSTRAINT `fk_gm_group_new` FOREIGN KEY (`group_id`) REFERENCES `groups` (`id`) ON DELETE CASCADE;

--
-- Constraints for table `group_members_old`
--
ALTER TABLE `group_members_old`
  ADD CONSTRAINT `fk_gm_group` FOREIGN KEY (`group_id`) REFERENCES `groups` (`id`) ON DELETE CASCADE;

--
-- Constraints for table `task_work`
--
ALTER TABLE `task_work`
  ADD CONSTRAINT `fk_task_work_task` FOREIGN KEY (`task_id`) REFERENCES `group_tasks` (`id`) ON DELETE CASCADE;
COMMIT;

/*!40101 SET CHARACTER_SET_CLIENT=@OLD_CHARACTER_SET_CLIENT */;
/*!40101 SET CHARACTER_SET_RESULTS=@OLD_CHARACTER_SET_RESULTS */;
/*!40101 SET COLLATION_CONNECTION=@OLD_COLLATION_CONNECTION */;
